frame,actual_x_mm,actual_y_mm,actual_z_mm,predicted_x_mm,predicted_y_mm,predicted_z_mm,error_x_mm,error_y_mm,error_z_mm,prediction_error_3d_mm
1.0,-229.6374423203692,-216.5609756097561,131.09624258404747,-229.6212700841622,-216.4843152257077,133.3955623565417,-0.016172236206983825,-0.07666038404840947,-2.299319772494215,2.300654205196694
2.0,-229.76696647587897,-217.6999182338512,132.65985282093214,-229.64066388136658,-216.5762466025944,130.63821075685738,-0.12630259451239567,-1.1236716312567978,2.0216420640747685,2.3163822904495635
3.0,-229.78492802709567,-218.9432684165961,138.71634208298053,-229.79385037916487,-217.91231496404956,132.07097122833048,0.008922352069191675,-1.0309534525465551,6.645370854650054,6.724871628924711
4.0,-229.93716719914804,-219.258785942492,143.14696485623003,-229.844750718858,-219.44195171867662,138.61336936231376,-0.09241648029004068,0.18316577618460883,4.533595493916266,4.538235186705553
5.0,-229.7686628383921,-218.57178014766205,144.57095980311732,-229.97939146717277,-220.11274112139048,144.42032361893064,0.21072862878068577,1.5409609737284313,0.15063618418668057,1.562580729923477
6.0,-229.7735368956743,-216.9516539440204,144.72264631043257,-229.90383548348726,-219.77485305646036,147.54804441083616,0.1302985878129448,2.8231991124399656,-2.8253981004035893,3.9962864482206566
7.0,-229.74294923448832,-215.5721192586624,144.638195004029,-229.86049428569007,-218.45566495973944,148.75393657569782,0.11754505120174485,2.8835457010770256,-4.115741571668821,5.026726701743865
8.0,-229.74294923448832,-215.5721192586624,144.638195004029,-229.81294849947167,-216.8434073393731,148.9287055303846,0.06999926498335185,1.2712880807106899,-4.290510526355604,4.475438957021257
9.0,-229.748788368336,-215.5581583198708,141.62277867528272,-229.78155080576164,-215.88062810280644,148.62371147307144,0.032762437425645885,0.32246978293562734,-7.000932797788721,7.008432076960326
10.0,-229.74294923448832,-215.5721192586624,135.638195004029,-229.76388848106936,-215.31710429842835,146.41635673913515,0.02093924658103674,-0.2550149602340639,-10.778161735106153,10.781198517330855
11.0,-229.5731364275668,-215.8959212376934,130.71518987341773,-229.74932768652494,-215.03298341380875,141.4694776381461,0.17619125895814136,-0.8629378238846357,-10.75428776472836,10.790292413749041
12.0,-229.8421468034728,-216.55643251775848,129.44041041831096,-229.64954595959392,-215.10043163562497,135.42230818067299,-0.19260084387886423,-1.4560008821335089,-5.981897762362024,6.159556355224636
13.0,-229.74294923448832,-218.5721192586624,132.638195004029,-229.72778112812682,-215.57494254922545,130.78580104307582,-0.015168106361500122,-2.997176709436957,1.8523939609531794,3.5234445767767864
14.0,-229.7657735522904,-219.0985306828004,138.58599827139153,-229.73207325383595,-217.02513839261968,129.68290102194257,-0.03370029845444833,-2.0733922901807205,8.903097249448962,9.141402076937785
15.0,-229.76834295136027,-218.3891178895301,141.57378400659522,-229.74785415569494,-218.30465797577492,132.53128677620865,-0.020488795665329462,-0.08445991375518247,9.042497230386573,9.042914874603664
16.0,-229.6274685816876,-218.27827648114905,141.8806104129264,-229.76021911594512,-218.7480184912217,136.40917382432187,0.13275053425752503,0.4697420100726504,5.471436588604519,5.493168357468484
17.0,-229.74294923448832,-216.5721192586624,144.638195004029,-229.69322065024076,-218.90546698663164,139.3568451409395,-0.04972858424756055,2.333347727969226,5.281349863089503,5.774048919784619
18.0,-229.42605288932413,-214.74436826640547,145.82174338883448,-229.70909779995603,-218.02065763356825,142.79043007565943,0.28304491063190085,3.276289367162775,3.0313133131750476,4.472476589256869
19.0,-229.72142316426948,-214.08099924299773,141.6222558667676,-229.5532141959833,-216.3837382834138,145.5931183978455,-0.16820896828619425,2.3027390404160712,-3.9708625310778984,4.593326744962371
20.0,-229.74294923448832,-214.5721192586624,135.638195004029,-229.60710233274318,-214.91349578180026,144.9948061628319,-0.1358469017451398,0.3413765231378534,-9.356611158802906,9.36382211964209
21.0,-229.85960784313727,-216.54509803921567,129.38117647058823,-229.66180995402425,-214.23994441124677,141.10487025936203,-0.1977978891130192,-2.305153627968906,-11.7236937887738,11.949805576092407
22.0,-229.7093101138647,-217.4119223040857,128.04353650368387,-229.76404934464583,-214.93794938409977,134.95200916030737,0.05473923078113785,-2.4739729199859255,-6.908472656623502,7.338292229090143
23.0,-229.88285492629944,-216.5508145849496,132.27928626842515,-229.75313534414948,-215.97300062901306,130.10382888833257,-0.12971958214995993,-0.5778139559365343,2.175457380092581,2.254619912594463
24.0,-229.7785234899329,-217.88422818791943,138.71979865771812,-229.8344938132912,-216.2645168815125,129.34790943724727,0.055970323358309315,-1.6197113064069413,9.371889220470848,9.510988642300914
25.0,-229.89068100358423,-219.4247311827957,144.1747311827957,-229.83096742444795,-217.17235588072188,132.65423601824625,-0.059713579136285944,-2.2523753020738297,11.520495164549459,11.738763523017784
26.0,-229.7607944732297,-219.06563039723665,144.64507772020727,-229.8829883332783,-218.59053133576228,138.10893127137388,0.12219386004858279,-0.4750990614743671,6.536146448833392,6.5545297968843474
27.0,-229.5015015015015,-216.7907907907908,145.91591591591592,-229.84462883024472,-219.30467672301685,142.14731732700983,0.3431273287432077,2.51388593222606,3.7685985889060873,4.543093017788596
28.0,-229.6889352818372,-213.6722338204593,146.11377870563672,-229.67561408205358,-218.4794702038472,145.41425671123037,-0.013321199783604243,4.807236383387902,0.6995219944063535,4.857883296332912
29.0,-229.97007722007723,-212.1602316602317,143.58590733590734,-229.65944741955906,-216.16443986019314,147.45248118166631,-0.31062980051817135,4.004208199961454,-3.8665738457589782,5.574994841819666
30.0,-229.70967741935485,-215.68922108575924,129.85916601101496,-229.80289456956282,-213.76105730407352,147.1363123929899,0.09321715020797683,-1.9281637816857256,-17.277146381974944,17.38465680162503
31.0,-229.81145584725536,-216.56006364359587,129.51551312649167,-229.76478941737145,-214.0845541957368,139.2702435367529,-0.04666642988391345,-2.4755094478590536,-9.754730410261232,10.064049391720651
32.0,-229.7520259319287,-216.62398703403565,135.64424635332253,-229.7911120774313,-214.9060784771821,133.55343543499308,0.03908614550260836,-1.7179085568535584,2.0908109183294528,2.706331064871143
33.0,-229.77493606138108,-217.18670076726343,141.5166240409207,-229.77681480734188,-215.59003126013988,133.09286467496443,0.0018787459607949586,-1.5966695071235506,8.423759365956272,8.5737435756034
34.0,-229.61658031088083,-217.65181347150252,143.03316062176165,-229.77812172480975,-216.39373523983818,136.22603383759923,0.16154141392891574,-1.2580782316643422,6.807126784162421,6.924292853502316
35.0,-229.7713546160483,-217.0440034512511,144.68334771354617,-229.6942775757401,-217.18854305941633,139.40256789601025,-0.07707704030821105,0.14453960816524614,5.280779817535915,5.283319794387416
36.0,-229.60916666666665,-215.61916666666667,144.865,-229.72006551938495,-217.37201631182708,142.49710923954856,0.11089885271829303,1.7528496451604099,2.367890760451445,2.948166733328448
37.0,-229.561099796334,-213.7433808553972,145.9979633401222,-229.65410670266644,-216.68427495112786,144.60822822868892,0.09300690633244812,2.9408940957306697,1.389735111433282,3.254054708648815
38.0,-229.51864700780573,-212.2211621856028,142.57675628794448,-229.5857727642778,-215.17642194072934,146.45288537716362,0.06712575647208041,2.955259755126548,-3.8761290892191482,4.8746736099705625
39.0,-229.74294923448832,-213.5721192586624,135.638195004029,-229.5212334430694,-213.34549492066495,145.6448638294857,-0.22171579141891584,-0.22662433799746395,-10.0066688254567,10.011690040402982
40.0,-229.62349799732976,-215.65220293724963,131.05674232309747,-229.60317444816496,-212.89053844469555,141.15930802340358,-0.02032354916480017,-2.7616644925540754,-10.102565700306116,10.473253436496522
41.0,-229.62542030934767,-215.72629455279085,131.00336247478143,-229.60174391692567,-213.8086734754734,135.54944713744806,-0.023676392422004255,-1.917621077317449,-4.54608466266663,4.934036575448445
42.0,-229.74294923448832,-215.5721192586624,135.638195004029,-229.60427712496767,-214.57393683323596,131.81237984047763,-0.13867210952065534,-0.9981824254264495,3.8258151635513684,3.956318967683056
43.0,-229.74294923448832,-216.5721192586624,141.638195004029,-229.67053400091314,-215.0556846617702,132.04203788059738,-0.07241523357518531,-1.5164345968922248,9.596157123431624,9.71550561681135
44.0,-229.6270661157025,-216.6787190082645,143.073347107438,-229.7164119934817,-215.92023369038077,135.7521881135392,0.0893458777792091,-0.758485317883725,7.321158993898791,7.360886609455853
45.0,-229.93169398907105,-216.16029143897995,143.89071038251365,-229.68399096056285,-216.54415870783615,139.2811632523076,-0.24770302850819803,0.3838672688561928,4.609547130206039,4.632130785720755
46.0,-229.88312829525483,-216.23813708260104,144.097539543058,-229.8213160334976,-216.6416402889249,142.1526512850852,-0.06181226175723964,0.4035032063238475,1.9448882579727922,1.9872659432541013
47.0,-229.74294923448832,-214.5721192586624,144.638195004029,-229.886304536436,-216.6875020963144,144.10079524707197,0.14335530194767898,2.1153828376519925,0.5373997569570292,2.1872799983556246
48.0,-229.46206896551723,-212.3413793103448,145.3396551724138,-229.84876208995243,-215.77926883358364,145.50867818734838,0.38669312443519743,3.4378895232388516,-0.16902301493456662,3.463695241509923
49.0,-229.90752493200364,-211.08159564823208,143.86944696282865,-229.66637435985902,-213.9404982938646,146.59834405757704,-0.241150572144619,2.8589026456325257,-2.7288970947483904,3.9595905456721834
50.0,-229.7054263565892,-212.2434108527132,138.57209302325583,-229.77655949403817,-212.0410446986705,146.30788350028988,0.07113313744898164,-0.20236615404269287,-7.735790477034044,7.738763873391924
51.0,-229.70952749806352,-213.8807126258714,132.75058094500386,-229.74645707992312,-211.46372244704963,143.06078034756257,0.03692958185959583,-2.416990178821777,-10.310199402558709,10.589778894720098
52.0,-229.76614420062697,-214.882131661442,131.29467084639498,-229.72692338157546,-212.086410372494,137.61423071192644,-0.03922081905150776,-2.795721288948016,-6.31955986553146,6.9104582114473585
53.0,-229.7664526484751,-215.5634028892456,135.59951845906903,-229.7439450508971,-213.16984308723627,133.18508844885724,-0.022507597577998695,-2.393559802009321,2.414430010211788,3.3998687315769898
54.0,-229.7080291970803,-215.5888077858881,138.68126520681267,-229.75628103916296,-214.33916308934235,132.72510673385653,0.04825184208266364,-1.2496446965457437,5.956158472956133,6.086030221978561
55.0,-229.74294923448832,-215.5721192586624,141.638195004029,-229.73338310078307,-215.15658104120848,134.4084884262402,-0.009566133705249058,-0.4155382174539284,7.2297065777887894,7.24164489063095
56.0,-229.9501525940997,-215.46083418107835,143.2675483214649,-229.7360722560815,-215.66424003980984,137.40830768187416,-0.21408033801819215,0.20340585873148598,5.859240639590723,5.86667752711224
57.0,-229.74294923448832,-214.5721192586624,144.638195004029,-229.84860054963764,-215.88715510498128,140.4543963150902,0.10565131514931636,1.3150358463188638,4.1837986889387935,4.386872798140187
58.0,-229.74294923448832,-212.5721192586624,144.638195004029,-229.81397510365915,-215.49680359418454,143.23749817633416,0.07102586917082476,2.92468433552213,1.4006968276948442,3.2435743770806913
59.0,-229.61167002012075,-211.9235412474849,143.15191146881287,-229.78644053626778,-214.10898174844363,144.9885732245287,0.17477051614702077,2.1854405009587197,-1.8366617557158236,2.860073656648396
60.0,-229.74294923448832,-214.5721192586624,132.638195004029,-229.6960899558683,-212.80078730607826,145.16742483963108,-0.04685927862001904,-1.7713319525841484,-12.52922983560208,12.653908998865912
61.0,-229.6320895522388,-216.85,133.30298507462686,-229.7049136290484,-213.3634160663422,139.4602320773131,0.07282407680961,-3.4865839336577835,-6.157247002686233,7.076246287735635
62.0,-229.74435483870968,-216.5661290322581,138.63387096774193,-229.65508497110307,-215.02864300887802,135.79944986407415,-0.08926986760661748,-1.537486023380069,2.834421103667779,3.225798408808094
63.0,-229.74294923448832,-215.5721192586624,141.638195004029,-229.68368857342978,-216.0307993671568,136.26233671536477,-0.05926066105854488,0.45868010849437724,5.375858288664233,5.395716042165066
64.0,-229.966281310212,-216.14932562620425,143.59826589595377,-229.70590037682223,-216.1357883307177,138.38142239471395,-0.26038093338976864,-0.013537295486543144,5.216843501239822,5.223355014286333
65.0,-229.75222672064777,-215.54412955465588,144.60728744939271,-229.84147562724817,-216.44282709415793,140.99250018121276,0.08924890660040319,0.8986975395020522,3.6147872681799527,3.725897157602756
66.0,-229.74294923448832,-214.5721192586624,144.638195004029,-229.81895566455404,-216.2659573753472,143.3107351285649,0.07600643006571772,1.6938381166847876,1.3274598754641147,2.153372764737403
67.0,-229.5268085106383,-212.5182978723404,145.08510638297872,-229.79390890177982,-215.56963661120977,144.79969297619206,0.2671003911415255,3.0513387388693616,0.2854134067866596,3.076275594131057
68.0,-229.4470134874759,-211.5134874759152,142.84393063583815,-229.65903715942807,-213.96937332582274,145.8766022544862,0.21202367195215288,2.4558858499075313,-3.0326716186480382,3.9081231418415445
69.0,-229.72458270106225,-212.11684370257967,138.58270106221548,-229.52482102880066,-212.35864800403593,145.21871542657217,-0.19976167226158736,0.24180430145625564,-6.636014364356697,6.643422362747676
70.0,-229.74294923448832,-213.5721192586624,132.638195004029,-229.5869569910964,-211.66252882716003,142.31837234306965,-0.1559922433919212,-1.9095904315023802,-9.680177339040654,9.867963442948097
71.0,-229.72727272727272,-214.6634768740032,132.67942583732057,-229.64723092821546,-212.08513800500637,137.0866054784604,-0.0800417990572555,-2.5783388689968376,-4.407179641139834,5.10661046118202
72.0,-229.74294923448832,-215.5721192586624,138.638195004029,-229.68382615699915,-213.06837553310854,133.62210704893803,-0.05912307748917556,-2.503743725553875,5.016087955090967,5.606546758455767
73.0,-229.74294923448832,-215.5721192586624,141.638195004029,-229.71787646580822,-214.2884684153129,134.69861947967553,-0.025072768680104218,-1.2836508433495055,6.939575524353472,7.057343451297163
74.0,-229.57464212678937,-215.7034764826176,143.02147239263803,-229.74015143509314,-215.12794633490043,137.3365450873325,0.16550930830376842,-0.5755301477171599,5.684927305305536,5.716382313025869
75.0,-229.80314309346568,-214.5674110835401,144.32754342431764,-229.6637151998657,-215.72834424066832,140.0512431330486,-0.13942789359998642,1.1609331571282269,4.276300291269052,4.433277581422263
76.0,-229.76307189542484,-214.50081699346404,144.546568627451,-229.73177079019962,-215.4665750849207,142.6262187433746,-0.031301105225225,0.9657580914566495,1.920349884076387,2.1497469915491227
77.0,-229.7231467473525,-213.09606656580937,144.6036308623298,-229.757251402186,-215.18413219774573,144.4063576553608,0.03410465483349867,2.0880656319363595,0.19727320696898687,2.097641039106293
78.0,-229.6634996041172,-211.3840063341251,144.66983372921615,-229.7512897102409,-214.2009742697153,145.47569290837095,0.08779010612371962,2.816967935590185,-0.805859179154794,2.931283757930044
79.0,-229.57569913211185,-211.1841851494696,143.10318225650917,-229.71310637288354,-212.60604007211543,146.03246396085737,0.13740724077169375,1.4218549226458208,-2.929281704348199,3.2590249269218137
80.0,-229.7242472266244,-211.49920760697304,138.63708399366087,-229.63910783863045,-211.45124602752605,145.37302049899768,-0.08513938799396215,-0.047961579446990754,-6.735936505336809,6.736645280287519
81.0,-229.70524691358025,-212.90895061728395,132.74537037037038,-229.6687788279712,-210.92597386359728,142.37403655024107,-0.036468085609044465,-1.9829767536866711,-9.628666179870692,9.830805619597784
82.0,-229.6390753169277,-214.847874720358,130.31319910514543,-229.68168570778482,-211.43538324909326,137.1134825662527,0.04261039085713492,-3.4124914712647296,-6.800283461107284,7.6085983491227065
83.0,-229.74294923448832,-215.5721192586624,135.638195004029,-229.6564298198022,-212.91806278466083,132.3250487136072,-0.08651941468610858,-2.654056474001578,3.3131462904217983,4.245991017188218
84.0,-229.74294923448832,-215.5721192586624,141.638195004029,-229.69530802965468,-214.36322473032828,132.18815448463286,-0.04764120483363854,-1.2088945283341275,9.45004051939614,9.5271696470286
85.0,-229.60800667222685,-215.6238532110092,141.87072560467055,-229.72278062538933,-215.32414431456579,135.6717917706043,0.11477395316248362,-0.2997088964434056,6.198933834066253,6.20723603241114
86.0,-229.95727365208543,-215.4445574771109,143.2767039674466,-229.66894902471404,-215.93098786677106,138.4392370994774,-0.2883246273713951,0.48643038966017116,4.837466867969198,4.870403608884332
87.0,-229.74294923448832,-214.5721192586624,144.638195004029,-229.81727835446506,-216.1517067183408,141.1471824585941,0.07432911997673841,1.579587459678379,3.4910125454348986,3.8324652579291
88.0,-229.5257731958763,-212.71790065604492,145.65323336457357,-229.80358016599163,-215.73863134502156,143.657588934178,0.2778069701153356,3.0207306889766414,1.995644430395572,3.63105870243636
89.0,-229.7120743034056,-211.8823529411765,144.75696594427245,-229.67364797239924,-214.3893650112735,145.74680969814057,-0.038426331006348846,2.507012070097005,-0.9898437538681151,2.695621776065478
90.0,-229.56969696969696,-214.4841750841751,133.55151515151516,-229.68217308764034,-212.9894323129077,146.46162843646235,0.11247611794337331,-1.494742771267397,-12.910113284947187,12.996843149762698
91.0,-229.74294923448832,-215.5721192586624,132.638195004029,-229.61453106064576,-213.44976527439985,140.72802321971344,-0.1284181738425616,-2.12235398426256,-8.089828215684435,8.364579978765953
92.0,-229.74294923448832,-215.5721192586624,135.638195004029,-229.66299458069147,-214.40434405819775,136.17438540243455,-0.07995465379684674,-1.1677752004646607,-0.5361903984055516,1.2874749740582752
93.0,-229.74294923448832,-215.5721192586624,141.638195004029,-229.69944648397967,-215.07866975933626,134.7720209953309,-0.043502750508650934,-0.4934494993261467,6.866174008698096,6.884019931363383
94.0,-229.7017726798749,-216.68717413972888,143.1084462982273,-229.72507959050813,-215.5194678502469,137.25062245538763,0.023306910633237976,-1.1677062894819699,5.857823842839679,5.973121576221267
95.0,-229.8740088105727,-216.2352422907489,144.07665198237885,-229.7198321469598,-216.37193440760475,139.92916802064474,-0.15417666361290117,0.13669211685586902,4.14748396173411,4.152598992348649
96.0,-229.74294923448832,-215.5721192586624,144.638195004029,-229.80651616491542,-216.65563170273597,142.32600718318207,0.06356693042710049,1.0835124440735626,2.3121878208469298,2.554261633031954
97.0,-229.4932088285229,-213.26230899830225,145.36757215619693,-229.79388477836352,-216.42090596586405,144.1912107019778,0.30067594984060975,3.158596967561806,1.1763614542191192,3.383927762419835
98.0,-229.7085889570552,-211.9478527607362,144.74539877300612,-229.648280022613,-214.96590408143726,145.70008814417966,-0.06030893444221874,3.018051320701062,-0.9546893711735436,3.166023173855605
99.0,-229.7173252279636,-213.00683890577508,138.7226443768997,-229.6624900932944,-213.24689965180977,146.201298878863,-0.05483513466921863,0.2400607460346862,-7.4786545019633195,7.482707345173747
100.0,-229.89060402684564,-214.44228187919464,131.26510067114094,-229.68025633217366,-212.6822367869961,143.12899488520608,-0.2103476946719809,-1.7600450921985384,-11.86389421406514,11.995582136843309
101.0,-229.76343381389253,-215.51769331585845,131.1467889908257,-229.7866454720876,-213.15599504932044,136.92135973092815,0.02321165819506632,-2.3616982665380135,-5.774570740102433,6.238896113551818
102.0,-229.74294923448832,-215.5721192586624,135.638195004029,-229.79132905147554,-214.13864344954752,132.68110610411472,0.0483798169872216,-1.4334758091148956,2.9570888999142824,3.286573940139729
103.0,-229.74294923448832,-216.5721192586624,141.638195004029,-229.78013214264243,-214.88073310500872,132.46722695711046,0.03718290815410796,-1.6913861536536956,9.170968046918546,9.325707726871522
104.0,-229.74294923448832,-217.5721192586624,144.638195004029,-229.76970356089882,-215.91379554918186,135.87665009935031,0.026754326410497242,-1.6583237094805554,8.761544904678686,8.91714205539578
105.0,-229.7379032258065,-217.5741935483871,144.64354838709676,-229.76083545661518,-217.11067944545766,140.0518850064437,0.02293223080869211,-0.4635141029294232,4.591663380653046,4.615056208981044
106.0,-229.55488331892823,-217.68885047536733,145.09680207433018,-229.7511313416045,-217.84972352741366,142.94824207211045,0.19624802267625796,0.16087305204632685,2.148560002219739,2.163493357608829
107.0,-229.4175609756097,-215.73268292682928,145.8029268292683,-229.64675380180267,-218.3062733869941,145.03721694915356,0.22919282619298542,2.5735904601648087,0.7657098801147413,2.6948485725055074
108.0,-229.73079847908744,-212.1239543726236,144.58859315589353,-229.50379884586468,-217.46186661701006,146.62088497774337,-0.22699963322276062,5.337912244386473,-2.0322918218498387,5.716209059456454
109.0,-229.37121906507792,-211.1970669110908,139.87259395050413,-229.57898156865554,-214.8706496659659,146.79798562527026,0.20776250357761228,3.6735827548751274,-6.925391674766132,7.84215693312298
110.0,-229.6063492063492,-211.97333333333333,134.22095238095238,-229.44719351987368,-212.5924230063286,144.1537038613399,-0.1591556864755148,0.6190896729952726,-9.932751480387509,9.9532986756596
111.0,-229.581237253569,-214.06322229775665,127.8864717878994,-229.48834274321376,-211.54534270533,139.16654201800662,-0.09289451035522234,-2.5178795924266524,-11.280070230107228,11.558041850943614
112.0,-229.8229792919172,-215.7187708750835,123.00400801603206,-229.51130779662878,-212.10090567466915,132.39717611979285,-0.3116714952884081,-3.617865200414343,-9.393168103760786,10.070635270669543
113.0,-229.9154437456324,-216.5199161425577,125.44863731656184,-229.660638121821,-213.51178262517024,125.421885320119,-0.25480562381139293,-3.0081335173874493,0.02675199644284021,3.0190244837810405
114.0,-229.6058981233244,-216.7077747989276,134.01474530831098,-229.81314145589377,-214.9862882601511,122.4510435304941,0.20724333256936234,-1.721486538776503,11.563701777816874,11.692975006745217
115.0,-230.0,-216.96844181459565,140.53846153846155,-229.74713826891247,-216.09886759194757,125.62137987438622,-0.25286173108753474,-0.8695742226480832,14.917081664075326,14.94454494979472
116.0,-229.9376797698945,-216.80632790028764,143.82454458293384,-229.90370871787113,-216.9428224703447,131.81618847222634,-0.033971052023360926,0.13649457005706722,12.008356110707496,12.009179875478454
117.0,-229.5939342881213,-215.63942712721143,144.9401853411963,-229.9709380854525,-217.34475961923292,138.0633481387317,0.3770037973312128,1.7053324920214834,6.8768372024646,7.095151913859738
118.0,-229.74294923448832,-212.5721192586624,144.638195004029,-229.82314924825886,-216.89734643715974,142.86822690609796,0.08020001377053632,4.325227178497329,1.7699680979310415,4.674057044529344
119.0,-229.72390317700453,-211.089258698941,138.6127080181543,-229.79284059251086,-214.87309295226018,145.69354994966432,0.06893741550632626,3.783834253319185,-7.080841931510008,8.02872819834366
120.0,-229.64858841010405,-213.84992570579496,127.34843982169392,-229.75992228424417,-212.6729813753134,143.99958321330763,0.11133387414011509,-1.1769443304815468,-16.651143391613715,16.693057522115737
121.0,-229.97658402203857,-215.49380165289256,125.38842975206612,-229.69705266434224,-212.70644248174187,136.4542077273975,-0.2795313576963281,-2.7873591711506833,-11.065777975331372,11.414856596920622
122.0,-229.71620553359685,-216.66086956521733,129.82292490118576,-229.83020411412363,-213.72297042163592,130.094614954144,0.11399858052678269,-2.9378991435814044,-0.2716900529582347,2.9526365402966412
123.0,-229.74294923448832,-216.5721192586624,135.638195004029,-229.7839570311778,-215.11855714424203,128.2912074177842,0.04100779668948462,-1.4535621144203787,7.346987586244808,7.489509399974265
124.0,-229.77693602693603,-216.90319865319864,138.72727272727272,-229.76431805279267,-216.03950218384026,130.51222604457985,-0.012617974143353194,-0.8636964693583877,8.215046682692872,8.260334303360656
125.0,-229.74294923448832,-216.5721192586624,141.638195004029,-229.76881265089068,-216.80250970113124,133.98311495895723,0.025863416402359007,0.23039044246883122,7.65508004507177,7.658589894278515
126.0,-229.74294923448832,-215.5721192586624,144.638195004029,-229.7541863386675,-217.07603845038503,138.03718900224084,0.01123710417917323,1.5039191917226162,6.601006001788164,6.770168346753669
127.0,-229.7057471264368,-212.9486590038314,144.75172413793103,-229.74456802518873,-216.64726706158916,142.35149494357879,0.038820898751936284,3.6986080577577525,2.4002291943522494,4.409343353891975
128.0,-229.7001533742332,-211.9463190184049,141.74769938650306,-229.7190683202839,-214.8894918097571,145.13875268107387,0.018914946050699655,2.943172791352197,-3.39105329457081,4.490196688515941
129.0,-229.71507498026835,-212.75374901341752,135.698500394633,-229.69999590389057,-213.13695019357775,145.10216180989858,-0.015079076377787715,0.38320118016022775,-9.403661415265589,9.411478020798615
130.0,-229.9192857142857,-214.47642857142856,128.60357142857143,-229.6969814719839,-212.43078296743673,141.50281060198895,-0.2223042423018171,-2.0456456039918294,-12.899239173417527,13.062329668413126
131.0,-229.92105263157896,-216.50640113798008,125.63726884779516,-229.80583986318234,-212.97579848948138,135.0350086971501,-0.1152127683966171,-3.5306026484987,-9.397739849354934,10.039718288863556
132.0,-229.95763888888888,-216.5368055555556,128.42499999999998,-229.88156316753765,-214.5303042661224,129.04667202203603,-0.07607572135123064,-2.0065012894331744,-0.6216720220360514,2.1019778882896207
133.0,-229.7589576547232,-217.48941368078167,135.59609120521174,-229.948820696919,-215.65258292748345,126.71972823750582,0.1898630421958103,-1.8368307532982158,8.876362967705916,9.066411347689609
134.0,-229.78849407783417,-218.23181049069373,141.5177664974619,-229.88274341863735,-216.8997980389028,129.3795969384794,0.09424934080317371,-1.3320124517909449,12.138169558982497,12.211400425527668
135.0,-229.5171455050973,-218.46987951807228,142.21779425393882,-229.8471739409235,-218.07543375659986,134.72698056943304,0.33002843582622177,-0.3944457614724115,7.490813684505781,7.5084483006262035
136.0,-229.6577540106952,-218.42994652406412,142.98288770053475,-229.6760477940393,-218.8950983416931,138.90360874234037,0.01829378334412013,0.4651518176289926,4.079278958194379,4.105754217524475
137.0,-229.74294923448832,-216.5721192586624,144.638195004029,-229.63538431747747,-219.29971543179366,142.06854792680252,-0.1075649170108477,2.7275961731312464,2.5696470772264774,3.748924805400923
138.0,-229.71679389312976,-213.975572519084,144.7442748091603,-229.65972264574813,-218.4506936987122,144.86780779950905,-0.05707124738162861,4.475121179628189,-0.12353299034876386,4.477189642994699
139.0,-229.6509584664537,-212.4065495207668,138.66613418530352,-229.66873255100268,-216.37933694279067,146.5097557159985,0.017774084548989322,3.9727874220238846,-7.843621530694975,8.792369108235533
140.0,-229.74294923448832,-213.5721192586624,132.638195004029,-229.64404178806532,-214.0952632722556,144.03093081375425,-0.09890744642299865,0.5231440135931962,-11.392735809725252,11.405169510889017
141.0,-229.6166219839142,-215.71045576407508,128.01675603217157,-229.6795257987834,-213.22048653644256,138.82249553099768,0.06290381486920182,-2.489969227632514,-10.805739498826114,11.08908967232986
142.0,-229.89657488247147,-217.44190732034923,125.26863666890532,-229.63952556941635,-213.89274548886146,132.70442790318037,-0.2570493130551199,-3.5491618314877655,-7.435791234275058,8.243398288033491
143.0,-229.86090534979425,-218.2765432098765,129.34074074074073,-229.76301161542835,-215.3956206662475,127.22037483127558,-0.09789373436589699,-2.880922543628998,2.12036590946515,3.5784423253197537
144.0,-229.76358930112167,-219.10871440897324,135.5746333045729,-229.82938817316958,-216.9236262799366,126.02319840277347,0.0657988720479068,-2.185088129036643,9.551434901799425,9.798410498980527
145.0,-229.71922246220305,-219.44816414686824,139.96976241900649,-229.81917078154171,-218.39040700662767,129.00719383109333,0.09994831933866521,-1.057757140240568,10.962568587913154,11.013934350583751
146.0,-229.77531914893612,-218.19744680851065,141.5131914893617,-229.78372658393357,-219.4917493807956,133.76644769683318,0.008407434997451446,1.2943025722849484,7.74674379252852,7.85412816426278
147.0,-229.770887166236,-216.0706287683032,144.64341085271317,-229.78626717692148,-219.4551147283204,137.9905103704436,0.015380010685476009,3.3844859600172015,6.652900482269587,7.464319566126918
148.0,-229.6099754701553,-213.71463614063777,144.85609157808665,-229.78419621194254,-218.16756182103484,142.46347699956627,0.1742207417872521,4.4529256803970725,2.39261457852038,5.058013889201658
149.0,-229.56349206349208,-212.97321428571428,143.11904761904762,-229.69596339833686,-215.9485297654304,145.3832992570117,0.13247133484478013,2.97531547971613,-2.264251637964094,3.741241283106058
150.0,-229.69158878504672,-216.72118380062307,129.9532710280374,-229.61125728072287,-214.0380635556078,146.0820297070849,-0.08033150432385128,-2.6831202450152603,-16.128758679047507,16.350609894641483
151.0,-229.59576023391813,-217.25730994152048,127.95394736842104,-229.62556584948723,-214.81908210219243,139.16120323522992,0.029805615569102883,-2.43822783932805,-11.207255866808879,11.469456283334264
152.0,-229.98617829993088,-217.5397373876987,131.4029025570145,-229.58989134483647,-215.75758674951462,133.1289763542689,-0.3962869550944106,-1.7821506381840777,-1.7260737972544007,2.5124559700671654
153.0,-229.83839096683133,-219.0515172900494,137.20395201129148,-229.77772529750206,-216.60853760842647,130.93922019836796,-0.06066566932926776,-2.4429796816229157,6.2647318129235146,6.7244847190036445
154.0,-229.79173693086005,-219.25463743676224,141.51602023608768,-229.82949421378382,-218.00223447786672,132.81589086383454,0.03775728292376357,-1.252402958895516,8.700129372253144,8.789891346188867
155.0,-229.4783047426841,-218.5731584258325,142.79212916246215,-229.83540336230558,-219.02450329602928,136.66026518053644,0.357098619621496,0.4513448701967775,6.131863981925704,6.1588138069620415
156.0,-229.79480737018423,-216.3324958123953,144.4497487437186,-229.66735516324803,-219.27461069425004,140.07132465704453,-0.12745220693619785,2.942114881854735,4.378424086674073,5.276635436132735
157.0,-229.72390317700453,-214.089258698941,144.6127080181543,-229.71881413919257,-218.15107801409835,143.20713873718054,-0.005089037811956132,4.061819315157351,1.405569280973765,4.298142279044319
158.0,-229.7415458937198,-213.5636070853462,141.63768115942028,-229.7188391053385,-216.11623773638485,145.2308416047866,-0.022706788381299248,2.5526306510386405,-3.5931604453663226,4.407634379687777
159.0,-229.56113681427627,-214.1017845340384,134.02842035690682,-229.72878354323154,-214.44871361816516,144.74569472593154,0.1676467289552761,0.3469290841267707,-10.717274369024722,10.724198576867956
160.0,-229.79723502304148,-215.50822909809085,128.16458196181696,-229.63988461595366,-213.68096049091235,140.08472630276677,-0.15735040708781867,-1.827268607178496,-11.920144340949804,12.060410889454323
161.0,-229.82362459546923,-217.1852750809061,126.71601941747574,-229.70592127929126,-214.03279284005475,133.6342633761593,-0.11770331617796614,-3.1524822408513558,-6.918243958683576,7.603558234233777
162.0,-229.6303703703704,-218.84148148148148,130.37555555555554,-229.76774034064002,-215.28570052666015,128.56657827854153,0.13736997026961717,-3.55578095482133,1.8089772770140087,3.9918476293760237
163.0,-229.77400662251657,-219.79470198675497,135.68791390728475,-229.70647048123124,-217.09131082501898,127.40023953511698,-0.06753614128533059,-2.7033911617359934,8.287674372167771,8.717707921398747
164.0,-229.76597582038,-220.04145077720207,141.68911917098447,-229.73948839157129,-218.82478303698537,129.87495849165302,-0.026487428808707136,-1.2166677402167068,11.81416067933145,11.87667354653778
165.0,-229.7716405605936,-218.76174773289364,141.68755152514427,-229.75790977408977,-220.05719131233,135.1148761233083,-0.013730786503828085,1.295443579436352,6.572675401835966,6.699136103998817
166.0,-229.95774647887325,-216.12957746478872,143.72957746478875,-229.77238485737206,-220.08351029807216,138.83317577135102,-0.18536162150118685,3.9539328332834316,4.896401693437724,6.296244382514239
167.0,-229.85306828003456,-216.2713915298185,144.2048401037165,-229.8796499564559,-218.55641783399085,142.36456678141406,0.026581676421329803,2.285026304172362,1.840273322302437,2.9340514134996036
168.0,-229.7172359015092,-213.6989674344718,144.68625893566323,-229.89403053257453,-217.49319200393268,144.79509692119836,0.17679463106532012,3.79422456946088,-0.10883798553513202,3.799900279240163
169.0,-229.74294923448832,-212.5721192586624,141.638195004029,-229.82563827039138,-215.3819030309398,146.3859714639951,0.08268903590305854,2.809783772277399,-4.747776459966104,5.517526949405889
170.0,-229.70790916209867,-213.8034455755677,135.7353171495693,-229.78835308607373,-213.38743605454758,145.4969951609024,0.08044392397505362,-0.4160095210201291,-9.761678011333089,9.770869600164964
171.0,-229.6315789473684,-215.8450704225352,130.36767976278725,-229.74339347290584,-212.80790507290197,141.43110913180965,0.11181452553742588,-3.037165349633227,-11.063429369022401,11.473288336500627
172.0,-229.57112676056337,-216.8830985915493,127.71338028169016,-229.67311477630614,-213.66759683360962,135.6256122537144,0.10198801574276217,-3.215501757939677,-7.91223197202423,8.541268517602683
173.0,-229.7810902896082,-217.19250425894376,129.5161839863714,-229.5960714780288,-214.94793004322798,130.31010314508742,-0.18501881157939692,-2.2445742157157724,-0.7939191587160224,2.388022822560681
174.0,-229.76283618581908,-218.4832925835371,135.59413202933985,-229.66079311927209,-216.05655915757464,127.93329835217466,-0.10204306654699735,-2.4267334259624533,7.660833677165186,8.036654810137241
175.0,-229.77043765483072,-219.3831544178365,138.55986787778696,-229.70121149011496,-217.50285293807534,129.96974635858254,-0.06922616471575793,-1.8803014797611581,8.590121519204416,8.793776983263337
176.0,-229.48901623686723,-218.66380133715376,142.72779369627506,-229.7351142210617,-218.9186975445838,133.32230390681542,0.2460979841944777,0.2548962074300505,9.405489789459637,9.412160988530545
177.0,-229.74294923448832,-216.5721192586624,144.638195004029,-229.60867166941276,-219.4001713806353,138.03003172188176,-0.1342775650755641,2.8280521219728882,6.608163282147245,7.189139811729706
178.0,-229.7050304878049,-213.9801829268293,144.7454268292683,-229.65821472685596,-218.4852416256515,142.2582258951853,-0.04681576094893103,4.505058698822211,2.487200934083006,5.146252430828698
179.0,-229.7039674465921,-212.88199389623605,143.1851475076297,-229.6756253372011,-216.37472205866197,145.00260533079032,-0.0283421093909908,3.4927281624259194,-1.8174578231606233,3.9373984089415717
180.0,-229.74294923448832,-214.5721192586624,138.638195004029,-229.68822822686425,-214.31962166381393,145.72343224003635,-0.0547210076240674,-0.252497594848478,-7.085237236007345,7.089946129173667
181.0,-229.93718411552348,-216.4765342960289,131.68808664259927,-229.71790606189722,-213.88257428947358,143.44656844403227,-0.21927805362625463,-2.5939600065553066,-11.758481801432993,12.043197484681606
