frame,x_mm,y_mm,z_mm,x_voxel,y_voxel,z_voxel,tumor_voxels,dx_mm,dy_mm,dz_mm,displacement_3d_mm,motion_magnitude_mm,rpm,pred_x_mm,pred_y_mm,pred_z_mm,filtered_x_mm,filtered_y_mm,filtered_z_mm,prediction_error_mm,uncertainty_mm
0,-229.6212700841622,-216.4843152257077,133.3955623565417,219.6212700841622,176.48431522570772,37.465187452180565,1307,0.0,0.0,0.0,0.0,0.0,6.86,-229.6941182800206,-217.09211672977943,133.02770758873692,-229.62304686942704,-216.49913965263627,133.38659028903425,,0.427699461384151
1,-229.6374423203692,-216.5609756097561,131.09624258404747,219.6374423203692,176.5609756097561,36.69874752801582,1517,-0.0161722362069554,-0.076660384048381,-2.299319772494215,2.300654205196693,2.300654205196693,5.92,-229.75949699717273,-217.7541394427545,137.1328834208165,-229.64014147988857,-216.5873616492129,131.22973895638162,6.154638077795694,0.4281980381442103
2,-229.76696647587897,-217.6999182338512,132.65985282093214,219.76696647587897,177.69991823385118,37.21995094031071,1223,-0.1456963917167684,-1.2156030081434608,-0.7357095356095442,1.4283510187462771,1.4283510187462771,4.78,-229.71568883526635,-217.2215491927415,130.995380560911,-229.76542405350088,-217.68552897753642,132.6097857891637,1.7326090846751656,0.42645050486256963
3,-229.78492802709567,-218.9432684165961,138.71634208298053,219.78492802709567,178.9432684165961,39.23878069432684,1181,-0.1636579429334688,-2.458953190888394,5.320779726438843,5.863781340956366,5.863781340956366,3.56,-229.94616555826576,-219.2949107276503,135.5555233556605,-229.7903158575565,-218.95501871530794,138.61072178914094,3.1844033794980025,0.42571656813006525
4,-229.93716719914804,-219.258785942492,143.14696485623003,219.93716719914804,179.258785942492,40.71565495207668,939,-0.3158971149858303,-2.774470716784293,9.75140249968834,10.143339166984308,10.143339166984308,2.87,-229.84943448898375,-220.75875771353512,147.0986115219097,-229.93408570233598,-219.31147049107156,143.28576128210037,4.2276617311152345,0.42534022557172413
5,-229.7686628383921,-218.57178014766205,144.57095980311732,219.7686628383921,178.57178014766205,41.19031993437244,1219,-0.1473927542299122,-2.087464921954308,11.17539744657563,11.369641265814778,11.369641265814778,3.72,-230.09352500065174,-219.877625485072,150.43669119193555,-229.78027514387114,-218.61845802132063,144.78063231244033,6.018103704280177,0.42520318726551304
6,-229.7735368956743,-216.9516539440204,144.72264631043257,219.7735368956743,176.95165394402036,41.24088210347752,1179,-0.1522668115121064,-0.4673387183126465,11.327083953890876,11.33774323037942,11.33774323037942,5.8,-229.60856957148764,-217.6016679359441,146.95442772968443,-229.76761806976378,-216.97497565137414,144.8027198992845,2.3303606397001646,0.4251737635704571
7,-229.74294923448832,-215.5721192586624,144.638195004029,219.74294923448832,175.57211925866238,41.21273166800967,1241,-0.1216791503261163,0.912195967045335,11.242632647487312,11.280234755724964,11.280234755724964,7.36,-229.69272475230383,-214.61879937276623,143.86714281407387,-229.7411464175133,-215.53789966697798,144.61051794463057,1.2271360083912466,0.42517014617998766
8,-229.74294923448832,-215.5721192586624,144.638195004029,219.74294923448832,175.57211925866238,41.21273166800967,1241,-0.1216791503261163,0.912195967045335,11.242632647487312,11.280234755724964,11.280234755724964,7.77,-229.69653856076664,-213.39899220221636,143.096667475415,-229.74128326195694,-215.49411198807277,144.5828598340539,2.664759327888354,0.42516989480714745
9,-229.748788368336,-215.5581583198708,141.62277867528272,219.748788368336,175.55815831987076,40.2075928917609,1238,-0.1275182841738171,0.9261569058369616,8.227216318741029,8.280164000935418,8.280164000935418,7.42,-229.74170373751446,-215.30535769471533,143.64929065706593,-229.7485340544521,-215.5490836467577,141.69552348666585,2.0422314169515214,0.4251698422682372
10,-229.74294923448832,-215.5721192586624,135.638195004029,219.74294923448832,175.57211925866238,38.21273166800967,1241,-0.1216791503261163,0.912195967045335,2.242632647487312,2.4241098344534247,2.4241098344534247,7.27,-229.7673480601081,-215.97458440092444,137.91419647161462,-229.74382507129533,-215.58656642061297,135.71989589771906,2.311440281270424,0.4251698163323365
11,-229.5731364275668,-215.8959212376934,130.71518987341773,219.5731364275668,175.8959212376934,36.57172995780591,1422,0.0481336565954109,0.5883939880143316,-2.6803724831239606,2.744616727763052,2.744616727763052,7.52,-229.74831489658388,-215.98528723845828,128.0423648578063,-229.57942475836361,-215.89912918315582,130.61924424748258,2.680049876807922,0.4251698093373383
12,-229.8421468034728,-216.55643251775848,129.44041041831096,219.8421468034728,176.55643251775848,36.14680347277032,1267,-0.2208767193105529,-0.0721172920507626,-3.955151938230728,3.961971009918726,3.961971009918726,6.0,-229.39079750321133,-216.47063581463053,123.74788452480414,-229.82594484614046,-216.5533526979326,129.23606743697385,5.711035660312393,0.4251698082898758
13,-229.74294923448832,-218.5721192586624,132.638195004029,219.74294923448832,178.57211925866238,37.21273166800967,1241,-0.1216791503261163,-2.087804032954665,-0.7573673525126878,2.2242609564297817,2.2242609564297817,3.82,-230.0823333224275,-217.46074737027348,127.57925783349206,-229.75513200860016,-218.53222465796765,132.45659577476374,5.190681489832308,0.4251698082055841
14,-229.7657735522904,-219.0985306828004,138.58599827139153,219.7657735522904,179.09853068280034,39.19533275713051,1157,-0.1445034681281924,-2.6142154570926266,5.190435914849843,5.813400785647435,5.813400785647435,3.19,-229.73840780636593,-220.96124877441338,137.4589442160932,-229.7647912118883,-219.1653961446133,138.5455407323603,2.177319089255577,0.4251698081958736
15,-229.76834295136027,-218.3891178895301,141.57378400659522,219.76834295136027,178.3891178895301,40.19126133553174,1213,-0.1470728671980623,-1.9048026638223805,8.17822165005353,8.39840538279589,8.39840538279589,4.12,-229.75875192264687,-220.19289935803008,147.7027305852005,-229.7679986649288,-218.45386772017852,141.7937930597695,6.388873589086975,0.42516980819082506
16,-229.6274685816876,-218.27827648114905,141.8806104129264,219.6274685816876,178.27827648114902,40.2935368043088,1114,-0.0061984975254176,-1.7939612554413031,8.485048056384699,8.672622205916378,8.672622205916378,4.31,-229.7630267798956,-217.44028550587942,147.37372776032092,-229.63233467579715,-218.24819535730316,142.07779528496366,5.558321967283065,0.4251698081891871
17,-229.74294923448832,-216.5721192586624,144.638195004029,219.74294923448832,176.57211925866238,41.21273166800967,1241,-0.1216791503261163,-0.0878040329546649,11.242632647487312,11.243633941487724,11.243633941487724,6.38,-229.46884826824416,-217.48062252278638,142.47301402319843,-229.73310991001406,-216.60473154209984,144.56047211779557,2.364004695505132,0.425169808188895
18,-229.42605288932413,-214.74436826640547,145.82174338883448,219.42605288932413,174.74436826640547,41.60724779627816,1021,0.1952171948380225,1.7399469593022443,12.426181032292789,12.548924265516094,12.548924265516094,8.35,-229.8203923655211,-214.43682294039345,146.3010178193,-229.44020838141336,-214.7333283992549,145.83894776683502,0.6926700006043167,0.4251698081888664
19,-229.72142316426948,-214.08099924299773,141.6222558667676,219.72142316426948,174.08099924299773,40.207418622255865,1321,-0.100153080107276,2.403315982709984,8.226693510225914,8.571140207895178,8.571140207895178,9.28,-229.13048182640654,-212.18823877607198,146.7716533036398,-229.7002103110345,-214.01305535851833,141.8071023228845,5.51797497392097,0.4251698081888648
20,-229.74294923448832,-214.5721192586624,135.638195004029,219.74294923448832,174.57211925866238,38.21273166800967,1241,-0.1216791503261163,1.912195967045335,2.242632647487312,2.9496949712782983,2.9496949712782983,8.41,-229.95196893862033,-212.98985246569737,136.49893436035248,-229.7504523553954,-214.51532107734187,135.66909272004477,1.8133200711290518,0.42516980818886413
21,-229.85960784313727,-216.54509803921567,129.38117647058823,219.85960784313727,176.54509803921567,36.12705882352941,1275,-0.2383377589750637,-0.0607828135079557,-4.014385885953459,4.021914156109443,4.021914156109443,6.32,-229.88808693005075,-215.38208449398468,126.99127336899168,-229.86063014882527,-216.5033496725597,129.2953867982608,2.658015876514469,0.4251698081888637
22,-229.7093101138647,-217.4119223040857,128.04353650368387,219.7093101138647,177.41192230408572,35.68117883456129,1493,-0.0880400297024834,-0.9276070783780028,-5.352025852857821,5.432530411175392,5.432530411175392,5.45,-230.00795000143336,-219.38820695765614,120.5770137501981,-229.72003030502276,-217.48286443255202,127.77551285870055,7.72941452134026,0.4251698081888633
23,-229.88285492629944,-216.5508145849496,132.27928626842515,219.88285492629944,176.55081458494956,37.09309542280838,1289,-0.2615848421372391,-0.0664993592418454,-1.1162760881165354,1.1484429020705798,1.1484429020705798,5.92,-229.56245563990623,-219.29646172326545,125.63070533921262,-229.87135364418668,-216.6493742998458,132.04062404861443,7.200337650634995,0.42516980818886346
24,-229.7785234899329,-217.88422818791943,138.71979865771812,219.7785234899329,177.88422818791946,39.23993288590604,1192,-0.1572534057706889,-1.3999129622117437,5.324236301176427,5.507447423821654,5.507447423821654,4.71,-229.99181349330522,-215.77771430139535,138.37890818666955,-229.78617990055798,-217.80861125769437,138.70756180937423,2.1445511635092975,0.425169808188863
25,-229.89068100358423,-219.4247311827957,144.1747311827957,219.89068100358423,179.4247311827957,41.058243727598565,1116,-0.2694109194220289,-2.9404159570879926,10.779168826254022,11.17627437159128,11.17627437159128,2.58,-229.70596404489788,-218.66740903306496,148.95545357835434,-229.88405027142258,-219.3975458048495,144.3463434157475,4.843858360511273,0.425169808188863
26,-229.7607944732297,-219.06563039723665,144.64507772020727,219.7607944732297,179.06563039723662,41.21502590673576,1158,-0.1395243890675033,-2.5813151715289,11.24951536366558,11.542714194991484,11.542714194991484,3.31,-229.96988471926244,-221.2678913228216,152.87390569009872,-229.76830012635935,-219.14468433170757,144.94046561886483,8.520990650940318,0.4251698081888636
27,-229.5015015015015,-216.7907907907908,145.91591591591592,219.5015015015015,176.7907907907908,41.63863863863864,999,0.1197685826606971,-0.3064755650830761,12.520353559374229,12.524676644014423,12.524676644014423,6.51,-229.64735423592327,-218.9855802924838,146.05884791329632,-229.50673713565158,-216.86957652568194,145.92104670519862,2.204269387519435,0.4251698081888637
28,-229.6889352818372,-213.6722338204593,146.11377870563672,219.6889352818372,173.6722338204593,41.70459290187891,958,-0.0676651976749553,2.8120814052484207,12.71821634909503,13.025567454476157,13.025567454476157,9.68,-229.1708894496716,-213.8549247474981,145.60447460280332,-229.67033913785028,-213.6787918247388,146.09549636102287,0.7490915352674707,0.42516980818886346
29,-229.97007722007723,-212.1602316602317,143.58590733590734,219.97007722007723,172.16023166023166,40.86196911196911,1036,-0.348807135915024,4.324083565476059,10.190344979365648,11.075310194200796,11.075310194200796,11.05,-229.81085723707938,-209.23947236398783,145.02323007637932,-229.96436174560455,-212.05538599397659,143.63750250177472,3.259153652385639,0.42516980818886346
30,-229.70967741935485,-215.68922108575924,129.85916601101496,219.70967741935485,175.68922108575924,36.28638867033832,1271,-0.0884073351926417,0.7950941399484748,-3.5363963455267253,3.6257536679911184,3.6257536679911184,7.65,-230.37405837730827,-209.6119149190245,139.81360453110096,-229.7335265137576,-215.47106575371697,130.21649766110204,11.68186194712534,0.4251698081888631
31,-229.81145584725536,-216.56006364359587,129.51551312649167,219.81145584725536,176.56006364359587,36.17183770883055,1257,-0.1901857630931545,-0.0757484178881497,-3.88004923005002,3.885445981468232,3.885445981468232,6.45,-229.54661848124258,-219.67965078886095,113.51906713228696,-229.80194905560546,-216.67204657663208,128.9412932514978,16.299946234047752,0.42516980818886313
32,-229.7520259319287,-216.62398703403565,135.64424635332253,219.7520259319287,176.62398703403565,38.21474878444084,1234,-0.130755847766494,-0.1396718083279324,2.2486839967808407,2.256808592491837,2.256808592491837,5.86,-229.81156341840892,-219.49390365256076,124.77935200696326,-229.75416313215783,-216.7270076151403,135.2542323292294,11.237699732024009,0.42516980818886363
33,-229.77493606138108,-217.18670076726343,141.5166240409207,219.77493606138108,177.18670076726343,40.17220801364024,1173,-0.1536659772188784,-0.7023855415557136,8.121061684379015,8.152827826161305,8.152827826161305,5.58,-229.6959038960741,-217.2607835448407,143.9190046677803,-229.77209906620732,-217.1893600956727,141.60286161542587,2.404821618623105,0.42516980818886346
34,-229.61658031088083,-217.65181347150252,143.03316062176165,219.61658031088083,177.65181347150258,40.67772020725389,965,0.0046897732813704,-1.1674982457948602,9.637598265219964,9.708057193366672,9.708057193366672,5.43,-229.77922347000865,-217.4913983435538,152.292687213453,-229.62241866613405,-217.64605509525126,143.36554721587822,9.262344115434558,0.4251698081888635
35,-229.7713546160483,-217.0440034512511,144.68334771354617,219.7713546160483,177.0440034512511,41.22778257118205,1159,-0.1500845318861081,-0.5596882255433684,11.28778535700448,11.3026490055353,11.3026490055353,5.73,-229.45311711989757,-217.95196990906527,147.45942677217656,-229.75993093510542,-217.07659646510513,144.78299983443586,2.938076434036069,0.4251698081888635
36,-229.60916666666665,-215.61916666666667,144.865,219.60916666666665,175.61916666666667,41.28833333333333,1200,0.0121034174955525,0.8651485590410459,11.46943764345832,11.502027142165185,11.502027142165185,7.02,-229.8933101310904,-216.2458085414113,146.06268937253407,-229.6193664838436,-215.64166105192652,144.90799311497236,1.3812593459011266,0.42516980818886285
37,-229.561099796334,-213.7433808553972,145.9979633401222,219.561099796334,173.7433808553971,41.66598778004073,982,0.0601702878281855,2.740934370310584,12.602400983580509,12.897164503751908,12.897164503751908,9.84,-229.49865517846405,-213.64645757368768,144.09641196777773,-229.5588582396357,-213.73990162790332,145.92970389100972,1.9050435886098265,0.4251698081888637
38,-229.51864700780573,-212.2211621856028,142.57675628794448,219.51864700780573,172.22116218560276,40.52558542931483,1153,0.1026230763564797,4.263153040104953,9.181193931402788,10.123207364525552,10.123207364525552,11.71,-229.46611494973467,-211.15645884293335,146.05802277427833,-229.51676127944896,-212.18294283234428,142.70172232148263,3.640819849139464,0.4251698081888631
39,-229.74294923448832,-213.5721192586624,135.638195004029,219.74294923448832,173.57211925866238,38.21273166800967,1241,-0.1216791503261163,2.912195967045335,2.242632647487312,3.677647666331721,3.677647666331721,10.17,-229.46450165898858,-210.13622932246366,138.43766541716,-229.73295388101707,-213.44878209424655,135.7386867977224,4.440710224724117,0.42516980818886385
40,-229.62349799732976,-215.65220293724963,131.05674232309747,219.62349799732976,175.65220293724963,36.68558077436582,1498,-0.0022279131675588,0.8321122884580632,-2.3388200334442217,2.482437304956568,2.482437304956568,8.01,-229.99511950156347,-215.00857730921626,126.52976336002537,-229.63683798883685,-215.62909889102548,130.89423864601713,4.587580519573207,0.4251698081888635
41,-229.62542030934767,-215.72629455279085,131.00336247478143,219.62542030934767,175.72629455279085,36.66778749159381,1487,-0.0041502251854694,0.7580206729168708,-2.3921998817602343,2.509428787439905,2.509428787439905,7.32,-229.58795611422966,-218.95753666742561,123.91803653313171,-229.62407546778442,-215.84228553252552,130.74902254340049,7.787436861299076,0.4251698081888633
42,-229.74294923448832,-215.5721192586624,135.638195004029,219.74294923448832,175.57211925866238,38.21273166800967,1241,-0.1216791503261163,0.912195967045335,2.242632647487312,2.4241098344534247,2.4241098344534247,7.09,-229.58333350658947,-216.8260737291127,130.59773297597764,-229.73721955407342,-215.61713210586177,135.4572589713185,5.196550437625196,0.4251698081888637
43,-229.74294923448832,-216.5721192586624,141.638195004029,219.74294923448832,176.57211925866238,40.21273166800967,1241,-0.1216791503261163,-0.0878040329546649,8.242632647487312,8.243998321521596,8.243998321521596,6.69,-229.8561697386769,-215.25526535335715,142.51632217853498,-229.74701347874517,-216.5248485283287,141.6697168856117,1.5868303075919286,0.4251698081888631
44,-229.6270661157025,-216.6787190082645,143.073347107438,219.6270661157025,176.6787190082645,40.69111570247934,968,-0.0057960315402851,-0.1944037825567477,9.677784750896308,9.679738845099855,9.679738845099855,6.26,-229.7793420654007,-217.23296968609944,151.1938201085036,-229.6325323221856,-216.69861478730547,143.36484541857862,8.140790105375043,0.42516980818886385
45,-229.93169398907105,-216.16029143897995,143.89071038251365,219.93169398907105,176.16029143897995,40.96357012750455,1098,-0.3104239049088448,0.3240237867277642,10.495148025971956,10.504736384230084,10.504736384230084,6.69,-229.4914200719303,-216.8717127123755,146.87742608166974,-229.91588960141175,-216.1858291262153,143.99792366701652,3.101682127159341,0.4251698081888635
46,-229.88312829525483,-216.23813708260104,144.097539543058,219.88312829525483,176.23813708260104,41.03251318101933,1138,-0.2618582110926297,0.2461781431066754,10.701977186516302,10.708010510901428,10.708010510901428,6.78,-230.209940540075,-215.43714846645764,144.19466887082402,-229.89485978151342,-216.20938422192185,144.1010261669286,0.8705303629787944,0.4251698081888633
47,-229.74294923448832,-214.5721192586624,144.638195004029,219.74294923448832,174.57211925866238,41.21273166800967,1241,-0.1216791503261163,1.912195967045335,11.242632647487312,11.40473971988647,11.40473971988647,9.05,-229.92833936503354,-215.97000970361984,143.09944296241648,-229.74960413130887,-214.62229893462603,144.58295885936903,2.0871571675783205,0.4251698081888637
48,-229.46206896551723,-212.3413793103448,145.3396551724138,219.46206896551723,172.34137931034482,41.44655172413793,1160,0.1592011186449724,4.142935915362898,11.944092815872123,12.643204348152794,12.643204348152794,11.43,-229.5576990700232,-212.72317009430083,144.18574496477746,-229.4655017721966,-212.35508434559551,145.29823358567992,1.2191874699524141,0.4251698081888631
49,-229.90752493200364,-211.08159564823208,143.86944696282865,219.90752493200364,171.08159564823208,40.95648232094288,1103,-0.2862548478414339,5.4027195774756365,10.473884606286958,11.788705586983085,11.788705586983085,12.33,-229.07889508461957,-209.40907617083116,145.6557222486506,-229.87777984190342,-211.02155769195193,143.93356837902954,2.5835495394900927,0.42516980818886385
50,-229.7054263565892,-212.2434108527132,138.57209302325583,219.7054263565892,172.24341085271317,39.19069767441861,1290,-0.0841562724269522,4.2409043729945495,5.176530666714143,6.692445137803153,6.692445137803153,11.4,-230.29953898599197,-209.19401311492385,142.17685288407804,-229.72675304877515,-212.13394748888635,138.701492063356,4.758790816357205,0.4251698081888635
51,-229.70952749806352,-213.8807126258714,132.75058094500386,219.70952749806352,173.8807126258714,37.25019364833462,1291,-0.0882574139013172,2.603602599836308,-0.6449814115378274,2.6837542529472134,2.6837542529472134,9.44,-229.67103547085165,-213.60689297928369,132.10886667874092,-229.70814576070376,-213.87088339984888,132.7275455103899,0.6987532000225017,0.4251698081888633
52,-229.76614420062697,-214.882131661442,131.29467084639498,219.76614420062697,174.882131661442,36.76489028213166,1595,-0.1448741164647629,1.6021835642657152,-2.1008915101467096,2.646077440407056,2.646077440407056,8.13,-229.66117143387584,-216.67876304100594,124.70810498406568,-229.76237602305656,-214.9466248273963,131.0582347638129,6.828012408790338,0.4251698081888637
53,-229.7664526484751,-215.5634028892456,135.59951845906903,219.7664526484751,175.5634028892456,38.19983948635634,1246,-0.1451825643129041,0.9209123364621234,2.203956102527343,2.3930273734949443,2.3930273734949443,7.63,-229.81348640642125,-216.86503250011117,128.53996213262096,-229.76814100591514,-215.61012711740918,135.34610357224017,7.178703737065741,0.4251698081888631
54,-229.7080291970803,-215.5888077858881,138.68126520681267,219.7080291970803,175.58880778588806,39.22708840227089,1233,-0.086759112918088,0.895507439819653,5.28570285027098,5.361726899032572,5.361726899032572,7.39,-229.7861861992333,-216.51488348679644,141.35670136919023,-229.7108347767711,-215.62205086209408,138.7773045782625,2.8322576471352345,0.42516980818886385
55,-229.74294923448832,-215.5721192586624,141.638195004029,219.74294923448832,175.57211925866238,40.21273166800967,1241,-0.1216791503261163,0.912195967045335,8.242632647487312,8.293847132624375,8.293847132624375,7.19,-229.6429951286158,-215.44223113419443,145.04511392711922,-229.73936121036095,-215.56745670157804,141.7604922042221,3.410858879617975,0.4251698081888635
56,-229.9501525940997,-215.46083418107835,143.2675483214649,219.9501525940997,175.46083418107833,40.7558494404883,983,-0.3288825099375003,1.023481044629392,9.871985964923198,9.930346622636042,9.930346622636042,7.32,-229.75630175340353,-215.1395460880641,146.44918201608942,-229.94319398557175,-215.44930099372695,143.38175852184725,3.2036849336227706,0.4251698081888633
57,-229.74294923448832,-214.5721192586624,144.638195004029,219.74294923448832,174.57211925866238,41.21273166800967,1241,-0.1216791503261163,1.912195967045335,11.242632647487312,11.40473971988647,11.40473971988647,8.79,-230.18837443569592,-215.03774172168147,145.45367680418673,-229.75893853632758,-214.588833575868,144.66746812241516,1.0393355831141602,0.4251698081888637
58,-229.74294923448832,-212.5721192586624,144.638195004029,219.74294923448832,172.57211925866238,41.21273166800967,1241,-0.1216791503261163,3.912195967045335,11.242632647487312,11.904489571020568,11.904489571020568,11.12,-229.5869665062566,-213.43051199669085,145.57767451510318,-229.7373499668298,-212.60293273878824,144.6719192329986,1.282103917759696,0.4251698081888631
59,-229.61167002012075,-211.9235412474849,143.15191146881287,219.61167002012075,171.9235412474849,40.71730382293762,994,0.0096000640414786,4.560773978222812,9.75634911227118,10.769730704255265,10.769730704255265,12.15,-229.6557074983701,-210.07975202044213,143.97197242759532,-229.6132508209602,-211.8573552696839,143.1813489639546,2.018414721847012,0.42516980818886385
60,-229.74294923448832,-214.5721192586624,132.638195004029,219.74294923448832,174.57211925866238,37.21273166800967,1241,-0.1216791503261163,1.912195967045335,-0.7573673525126878,2.060316611266484,2.060316611266484,8.56,-229.45612710495865,-210.68257383689598,140.64953614884007,-229.73265326203145,-214.432497352229,132.92577583994552,8.910242278440853,0.4251698081888635
61,-229.6320895522388,-216.85,133.30298507462686,219.6320895522388,176.85,37.43432835820896,1340,-0.0108194680765905,-0.3656847742922764,-0.0925772819148278,0.3773764276758566,0.3773764276758566,6.7,-229.85540360471322,-217.60517518523693,120.1649592708331,-229.64010579330525,-216.87710830897203,132.8313730967254,13.161606313348726,0.4251698081888633
62,-229.74435483870968,-216.5661290322581,138.63387096774193,219.74435483870968,176.56612903225806,39.211290322580645,1240,-0.1230847545474773,-0.0818138065503433,5.238308611200239,5.240393159097783,5.240393159097783,6.79,-229.5777814417377,-220.6482470299846,130.58769766882816,-229.7383754008257,-216.71266366171352,138.34503977189036,9.02398685726516,0.4251698081888637
63,-229.74294923448832,-215.5721192586624,141.638195004029,219.74294923448832,175.57211925866238,40.21273166800967,1241,-0.1216791503261163,0.912195967045335,8.242632647487312,8.293847132624375,8.293847132624375,6.96,-229.84477380008184,-217.05505177642598,145.87123327645025,-229.7466044019766,-215.62535166574102,141.7901471756873,4.486431779285408,0.4251698081888631
64,-229.966281310212,-216.14932562620425,143.59826589595377,219.966281310212,176.14932562620425,40.86608863198459,1038,-0.3450112260497349,0.3349895995034728,10.202703539412084,10.214030070986071,10.214030070986071,6.7,-229.7830389777271,-213.91486932455658,148.3275049763878,-229.95970351228794,-216.06911598347008,143.76803004697624,5.233743879508419,0.42516980818886385
65,-229.75222672064777,-215.54412955465588,144.60728744939271,219.75222672064777,175.54412955465588,41.20242914979757,1235,-0.1309566364855641,0.940185671051836,11.211725092851026,11.251838885015914,11.251838885015914,7.26,-230.2081397723652,-215.92393732619718,147.15456907888765,-229.76859250187567,-215.5577634062736,144.69872649400253,2.6154835793810336,0.4251698081888635
66,-229.74294923448832,-214.5721192586624,144.638195004029,219.74294923448832,174.57211925866238,41.21273166800967,1241,-0.1216791503261163,1.912195967045335,11.242632647487312,11.40473971988647,11.40473971988647,8.96,-229.57975386833735,-214.8849210177233,145.59595300304667,-229.73709105681655,-214.58334781449605,144.6725753706848,1.020675292483885,0.4251698081888633
67,-229.5268085106383,-212.5182978723404,145.08510638297872,219.5268085106383,172.5182978723404,41.361702127659576,1175,0.0944615735239153,3.966017353367306,11.689544026437034,12.344377512944623,12.344377512944623,11.28,-229.63438912887807,-213.31426806287513,143.9026263816853,-229.53067030151232,-212.54687058802196,145.04265923448264,1.4294758085045016,0.4251698081888637
68,-229.4470134874759,-211.5134874759152,142.84393063583815,219.4470134874759,171.5134874759152,40.614643545279385,1038,0.1742565966862912,4.970827749792505,9.44836827929646,10.67760071461803,10.67760071461803,12.46,-229.27146445348885,-210.01971457666025,144.64925058153048,-229.44071185370126,-211.4598659347435,142.9087356927811,2.3497563797544925,0.4251698081888631
69,-229.72458270106225,-212.11684370257967,138.58270106221548,219.72458270106225,172.11684370257967,39.19423368740516,1318,-0.1033126169000127,4.367471523128046,5.187138705673789,6.781732002522976,6.781732002522976,11.56,-229.30260808189504,-209.94776980807111,139.98024545171464,-229.70943519810086,-212.03898107353018,138.63286831592467,2.614588774488333,0.42516980818886385
70,-229.74294923448832,-213.5721192586624,132.638195004029,219.74294923448832,173.57211925866238,37.21273166800967,1241,-0.1216791503261163,2.912195967045335,-0.7573673525126878,3.0115272658156824,3.0115272658156824,9.74,-230.03605271806285,-212.8673351248218,132.94374137224025,-229.7534706869259,-213.5468198229391,132.6491631151596,0.8221854477695774,0.4251698081888635
71,-229.72727272727272,-214.6634768740032,132.67942583732057,219.72727272727272,174.66347687400318,37.22647527910686,1254,-0.1060026431105143,1.8208383517045377,-0.7161365192211235,1.9594745156665496,1.9594745156665496,8.17,-229.90062243412052,-215.89099529035215,124.8977511677565,-229.73349541242618,-214.70754075368274,132.40008927358517,7.879804074104578,0.4251698081888633
72,-229.74294923448832,-215.5721192586624,138.638195004029,219.74294923448832,175.57211925866238,39.21273166800967,1241,-0.1216791503261163,0.912195967045335,5.242632647487312,5.322791032383075,5.322791032383075,7.63,-229.72477587110217,-216.66178036906427,131.56446569092915,-229.74229687042848,-215.61123451381516,138.38427135352686,7.157187855692137,0.4251698081888637
73,-229.74294923448832,-215.5721192586624,141.638195004029,219.74294923448832,175.57211925866238,40.21273166800967,1241,-0.1216791503261163,0.912195967045335,8.242632647487312,8.293847132624375,8.293847132624375,7.63,-229.72738121353086,-216.86541315656098,146.61707027844446,-229.7423903936651,-215.61854426210698,141.81692027454977,5.144127765501533,0.4251698081888631
74,-229.57464212678937,-215.7034764826176,143.02147239263803,219.57464212678937,175.7034764826176,40.67382413087935,978,0.0466279573728343,0.7808387430901291,9.625910036096345,9.65764087819275,9.65764087819275,7.49,-229.72523539322637,-215.53077883528627,148.2457634677635,-229.58004793046973,-215.69727720425925,143.20900728439943,5.229313534960938,0.42516980818886385
75,-229.80314309346568,-214.5674110835401,144.32754342431764,219.80314309346568,174.56741108354012,41.10918114143921,1209,-0.181873009303473,1.916904142167596,10.93198106777595,11.100261679257123,11.100261679257123,8.15,-229.37970903923076,-215.42596814271636,145.67129344933906,-229.7879432015785,-214.59823046225546,144.3757796370158,1.6498729502274663,0.4251698081888635
76,-229.76307189542484,-214.50081699346404,144.546568627451,219.76307189542484,174.50081699346404,41.18218954248366,1224,-0.1418018112626384,1.983498232243676,11.151006270909306,11.326928703088486,11.326928703088486,8.28,-229.9928339775948,-213.04920079626845,145.2554353714669,-229.7713195995805,-214.44870873944345,144.57201461547132,1.631708386671884,0.4251698081888633
77,-229.7231467473525,-213.09606656580937,144.6036308623298,219.7231467473525,173.09606656580937,41.20121028744327,1322,-0.1018766631902963,3.388248659898352,11.208068505788106,11.709458034693364,11.709458034693364,10.43,-229.80739053843547,-213.89435181093694,144.07376311367815,-229.7261708227754,-213.1247223843476,144.58461035036706,0.9618296002856108,0.4251698081888637
78,-229.6634996041172,-211.3840063341251,144.66983372921615,219.6634996041172,171.3840063341251,41.22327790973872,1263,-0.0422295199549864,5.100308891582614,11.274271372674464,12.37433348130796,12.37433348130796,12.38,-229.66998975053082,-211.58514587126345,143.8327640018184,-229.66373257905823,-211.39122658291748,144.63978567514204,0.8609209974942303,0.4251698081888631
79,-229.57569913211185,-211.1841851494696,143.10318225650917,219.57569913211185,171.1841851494696,40.70106075216973,1037,0.0455709520503546,5.300130076238105,9.707619899967485,11.060349888631878,11.060349888631878,13.1,-229.57080891257533,-209.23541102565866,144.18056653298228,-229.57552358929115,-211.1142305586704,143.14185681364398,2.2267692693841763,0.42516980818886385
80,-229.7242472266244,-211.49920760697304,138.63708399366087,219.7242472266244,171.49920760697304,39.212361331220286,1262,-0.1029771424622083,4.9851076187346735,5.2415216371191775,7.23432452511115,7.23432452511115,12.37,-229.45619492951897,-210.68347615446305,141.13970459142712,-229.71462502950692,-211.46992552688735,138.72691985390927,2.6458230653166295,0.4251698081888635
81,-229.70524691358025,-212.90895061728395,132.74537037037038,219.70524691358025,172.90895061728395,37.248456790123456,1296,-0.0839768294180487,3.5753646084237687,-0.6501919861713077,3.634973701408271,3.634973701408271,10.73,-229.86666280813284,-212.228603713453,133.17094452858063,-229.71104121406586,-212.8845283978602,132.76064708496165,0.8185599334825401,0.4251698081888633
82,-229.6390753169277,-214.847874720358,130.31319910514543,219.6390753169277,174.84787472035794,36.43773303504848,1341,-0.017805232765454,1.636440505349782,-3.08236325139626,3.489873603358924,3.489873603358924,9.02,-229.7530931488197,-214.9895069957463,125.03811477068226,-229.64316818263046,-214.8529588538898,130.12384090219115,5.278216981436041,0.4251698081888637
83,-229.74294923448832,-215.5721192586624,135.638195004029,219.74294923448832,175.57211925866238,38.21273166800967,1241,-0.1216791503261163,0.912195967045335,2.242632647487312,2.4241098344534247,2.4241098344534247,7.96,-229.56736697334833,-217.63774817224765,126.48372024926228,-229.736646407968,-215.64626855263512,135.30957942584237,9.386269758254748,0.4251698081888631
84,-229.74294923448832,-215.5721192586624,141.638195004029,219.74294923448832,175.57211925866238,40.21273166800967,1241,-0.1216791503261163,0.912195967045335,8.242632647487312,8.293847132624375,8.293847132624375,7.75,-229.82543463628753,-216.8937197271225,142.11301651681435,-229.7459101895109,-215.6195603750245,141.65523953690928,1.406729223677265,0.42516980818886385
85,-229.60800667222685,-215.6238532110092,141.87072560467055,219.60800667222685,175.62385321100916,40.29024186822352,1199,0.0132634119353554,0.8604620146985553,8.475163248128865,8.518741860114643,8.518741860114643,7.38,-229.77563112982637,-215.38358674417336,151.5432523863905,-229.6140238397354,-215.61522843394297,142.21793754921663,9.676962347604787,0.4251698081888635
86,-229.95727365208543,-215.4445574771109,143.2767039674466,219.95727365208543,175.4445574771109,40.7589013224822,983,-0.3360035679232567,1.039757748596827,9.881141610904905,9.941375865954404,9.941375865954404,6.97,-229.45768493211025,-215.15131345587494,144.66804067683026,-229.93934005780852,-215.4340309798328,143.32664838582716,1.5071160486159103,0.4251698081888633
87,-229.74294923448832,-214.5721192586624,144.638195004029,219.74294923448832,174.57211925866238,41.21273166800967,1241,-0.1216791503261163,1.912195967045335,11.242632647487312,11.40473971988647,11.40473971988647,8.4,-230.28368614225909,-214.89279026040762,143.98561139191307,-229.76235991356648,-214.58363029446392,144.61476939559648,0.9061410848140833,0.4251698081888637
88,-229.5257731958763,-212.71790065604492,145.65323336457357,219.5257731958763,172.71790065604495,41.55107778819119,1067,0.0954968882859077,3.766414569662743,12.257671008031878,12.82363041058909,12.82363041058909,10.97,-229.62688239093038,-213.38585211809857,145.2537062195123,-229.52940268391168,-212.74187791981848,145.63889165220965,0.7848593279211834,0.4251698081888631
89,-229.7120743034056,-211.8823529411765,144.75696594427245,219.7120743034056,171.88235294117646,41.25232198142415,1292,-0.0908042192433811,4.601962284531254,11.361403587730765,12.25837647316242,12.25837647316242,12.05,-229.2035499431731,-210.37554372770546,146.22052995880063,-229.69381994899024,-211.82826343913882,144.80950308569575,2.1612706113240114,0.42516980818886385
90,-229.56969696969696,-214.4841750841751,133.55151515151516,219.56969696969696,174.4841750841751,37.51717171717172,1485,0.051573114465242,2.0001401415326256,0.1559527949734729,2.0068735999473994,2.0068735999473994,9.22,-229.82479469059567,-210.4857248243674,143.39024128264992,-229.5788541400746,-214.34064385172584,133.90469310686638,10.623239205197159,0.4251698081888635
91,-229.74294923448832,-215.5721192586624,132.638195004029,219.74294923448832,175.57211925866238,37.21273166800967,1241,-0.1216791503261163,0.912195967045335,-0.7573673525126878,1.19185259347368,1.19185259347368,7.7,-229.50067912483343,-217.39465447005844,120.51230967295322,-229.73425253322534,-215.63754228710505,132.20291554498397,12.264478157068458,0.4251698081888633
92,-229.74294923448832,-215.5721192586624,135.638195004029,219.74294923448832,175.57211925866238,38.21273166800967,1241,-0.1216791503261163,0.912195967045335,2.242632647487312,2.4241098344534247,2.4241098344534247,7.36,-229.90954014524834,-218.05769401077913,127.807826620186,-229.74892930105975,-215.66134322903469,135.35711049587292,8.217086065424645,0.4251698081888637
93,-229.74294923448832,-215.5721192586624,141.638195004029,219.74294923448832,175.57211925866238,40.21273166800967,1241,-0.1216791503261163,0.912195967045335,8.242632647487312,8.293847132624375,8.293847132624375,7.17,-229.80972983766029,-216.01145599346052,139.72397196442316,-229.74534643881853,-215.58789000455354,141.56948068367865,1.9651275431536006,0.4251698081888631
94,-229.7017726798749,-216.68717413972888,143.1084462982273,219.7017726798749,176.68717413972888,40.70281543274244,959,-0.0805025957126588,-0.2028589140211636,9.712883941685618,9.715335654086722,9.715335654086722,6.75,-229.74076774022498,-215.22704587366982,151.01290306958583,-229.70317247447224,-216.63476033039177,143.392190336171,8.038279170217464,0.42516980818886385
95,-229.8740088105727,-216.2352422907489,144.07665198237885,219.8740088105727,176.2352422907489,41.02555066079295,1135,-0.2527387264104845,0.2490729349588321,10.68108962583716,10.686982258145786,10.686982258145786,6.62,-229.63915352697376,-217.5323772715516,147.59669691541703,-229.86557827721305,-216.28180517645467,144.20301003479588,3.7587807189651508,0.4251698081888635
96,-229.74294923448832,-215.5721192586624,144.638195004029,219.74294923448832,175.57211925866238,41.21273166800967,1241,-0.1216791503261163,0.912195967045335,11.242632647487312,11.280234755724964,11.280234755724964,7.74,-230.0352797823139,-215.89070219045396,145.10352463705763,-229.75344294107103,-215.5835553396103,144.65489880959964,0.6352038263388065,0.4251698081888633
97,-229.4932088285229,-213.26230899830225,145.36757215619693,219.4932088285229,173.26230899830222,41.45585738539898,1178,0.1280612556392952,3.222006227405501,11.97200979965524,12.398658897545204,12.398658897545204,10.46,-229.65305256970544,-214.51256529987066,144.35251765727074,-229.49894669386586,-213.30718909338444,145.33113503336997,1.6183406554236512,0.4251698081888637
98,-229.7085889570552,-211.9478527607362,144.74539877300612,219.7085889570552,171.9478527607362,41.24846625766871,1304,-0.0873188728930074,4.536462464971521,11.349836416464427,12.223170740939556,12.223170740939556,12.01,-229.16666975334303,-210.38795120656658,145.314181939021,-229.68913583743569,-211.89185741803553,144.76581622064455,1.7465633604294895,0.4251698081888631
99,-229.7173252279636,-213.00683890577508,138.7226443768997,219.7173252279636,173.00683890577508,39.24088145896656,1316,-0.0960551438013226,3.4774763199326344,5.327082020358006,6.36237935036606,6.36237935036606,10.59,-229.8535157495065,-209.8105576738996,143.6379432292095,-229.72221402040438,-212.89210290691148,138.8990874626672,5.86471861037813,0.42516980818886385
100,-229.89060402684564,-214.44228187919464,131.26510067114094,219.89060402684564,174.44228187919464,36.75503355704698,1490,-0.2693339426834313,2.04203334651308,-2.1304616854007463,2.963327176319449,2.963327176319449,8.62,-229.8260840561121,-214.07989570408614,131.55723119269717,-229.8882879717955,-214.4292734056721,131.27558719743752,0.4699221298874289,0.4251698081888635
101,-229.76343381389253,-215.51769331585845,131.1467889908257,219.76343381389253,175.51769331585845,36.71559633027523,1526,-0.1421637297303277,0.966621909849266,-2.2487733657159765,2.451846262106383,2.451846262106383,7.52,-230.10573497996893,-216.91068538530138,121.05582381239738,-229.77572130155485,-215.56769715622855,130.78455648209072,10.192407724678272,0.4251698081888633
102,-229.74294923448832,-215.5721192586624,135.638195004029,219.74294923448832,175.57211925866238,38.21273166800967,1241,-0.1216791503261163,0.912195967045335,2.242632647487312,2.4241098344534247,2.4241098344534247,7.1,-229.67373476510764,-217.50617310831214,129.25168977202785,-229.7404646623546,-215.64154543996415,135.4089404410282,6.673290343937893,0.4251698081888637
103,-229.74294923448832,-216.5721192586624,141.638195004029,219.74294923448832,176.57211925866238,40.21273166800967,1241,-0.1216791503261163,-0.0878040329546649,8.242632647487312,8.243998321521596,8.243998321521596,6.16,-229.65207469884783,-215.9008320458688,142.22116394966204,-229.73968713711278,-216.5480222523927,141.6591216745662,0.8937211505053334,0.4251698081888631
104,-229.74294923448832,-217.5721192586624,144.638195004029,219.74294923448832,177.57211925866238,41.21273166800967,1241,-0.1216791503261163,-1.087804032954665,11.242632647487312,11.295791795004195,11.295791795004195,4.89,-229.7154772246578,-217.32488432386648,151.39948614262624,-229.74196307956012,-217.56324433648257,144.88090315018903,6.765865627189273,0.42516980818886385
105,-229.7379032258065,-217.5741935483871,144.64354838709676,219.7379032258065,177.5741935483871,41.214516129032255,1240,-0.1166331416442574,-1.0898783226793682,11.247986030555069,11.301266645449004,11.301266645449004,4.83,-229.74507381119622,-218.6352168654935,150.38115467220345,-229.73816062627205,-217.61228080081398,144.84950960904516,5.83489055421215,0.4251698081888635
106,-229.55488331892823,-217.68885047536733,145.09680207433018,219.55488331892823,177.68885047536733,41.36560069144339,1157,0.0663867652339433,-1.2045352496596138,11.701239717788496,11.763261592918088,11.763261592918088,4.82,-229.74004730312268,-217.6019483947815,144.69870674075597,-229.5615300978375,-217.68573097608174,145.08251175929624,0.44756850566866074,0.4251698081888633
107,-229.4175609756097,-215.73268292682928,145.8029268292683,219.4175609756097,175.73268292682926,41.6009756097561,1025,0.2037091085524593,0.7516322988784623,12.407364472726613,12.431779505473186,12.431779505473186,7.44,-229.35932698701464,-217.48185155229172,144.0059362143959,-229.41547056667363,-215.79547233579052,145.73842076794625,2.5084172993482072,0.4251698081888637
108,-229.73079847908744,-212.1239543726236,144.58859315589353,219.73079847908744,172.1239543726236,41.196197718631176,1315,-0.1095283949252348,4.360360853084131,11.193030799351844,12.012854852766786,12.012854852766786,11.5,-229.21270794931704,-213.36636547597539,145.45994081812935,-229.7122007306033,-212.16855285085532,144.61987167525132,1.6035117384208453,0.4251698081888631
109,-229.37121906507792,-211.1970669110908,139.87259395050413,219.37121906507792,171.19706691109073,39.624197983501375,1091,0.2500510190842817,5.287248314616988,6.477031593962437,8.364774863781623,8.364774863781623,13.09,-230.04804093360846,-207.42124322934188,142.81994672888726,-229.39551474731144,-211.0615272416343,139.97839423542862,4.837542838840789,0.42516980818886385
110,-229.6063492063492,-211.97333333333333,134.22095238095238,219.6063492063492,171.97333333333333,37.74031746031746,1575,0.0149208778130116,4.510981892374389,0.8253900244106944,4.585896745274693,4.585896745274693,11.98,-229.12263154077652,-209.16809429962396,133.9924361410587,-229.58898533080097,-211.87263446510673,134.2127493984428,2.8557955963494472,0.4251698081888635
111,-229.581237253569,-214.06322229775665,127.8864717878994,219.581237253569,174.06322229775662,35.6288239292998,1471,0.0400328305931907,2.421092927951093,-5.509090568642293,6.01775477124181,6.01775477124181,9.52,-229.75590578166344,-213.1724504195274,126.49509776301703,-229.58750728007388,-214.03124651283855,127.83652603001498,1.6612962742593882,0.4251698081888633
112,-229.8229792919172,-215.7187708750835,123.00400801603206,219.8229792919172,175.7187708750835,34.00133600534402,1497,-0.2017092077549591,0.765544350624225,-10.391554340509629,10.421667158810546,10.421667158810546,7.6,-229.63718899263299,-217.43453187424333,119.78137320570713,-229.81631003035318,-215.78036105997919,122.88832601025365,3.655643440252907,0.4251698081888637
113,-229.9154437456324,-216.5199161425577,125.44863731656184,219.9154437456324,176.51991614255766,34.816212438853945,1431,-0.2941736614702108,-0.035600916849944,-7.946925039979845,7.952447620666358,7.952447620666358,6.77,-230.08789196726823,-218.69368150597222,117.0821048486445,-229.92163407042744,-216.597947179933,125.14830627868004,8.646031446914883,0.4251698081888631
114,-229.6058981233244,-216.7077747989276,134.01474530831098,219.6058981233244,176.7077747989276,37.671581769437,1492,0.0153719608377969,-0.223459573219884,0.6191829517692895,0.6584512174833772,0.6584512174833772,6.09,-230.08268829836425,-217.85613876076573,128.59633407664347,-229.62301332471407,-216.74899729365256,133.8202421404673,5.559248954249455,0.42516980818886385
115,-230.0,-216.96844181459565,140.53846153846155,220.0,176.96844181459565,39.84615384615385,1014,-0.3787299158377948,-0.484126588887932,7.142899181919859,7.1692972895737945,7.1692972895737945,5.5,-229.2659702800899,-216.6813933684757,146.3777573187851,-229.97365074378638,-216.9581377181165,140.74807307931533,5.892246740440819,0.4251698081888635
116,-229.9376797698945,-216.80632790028764,143.82454458293384,219.9376797698945,176.80632790028764,40.94151486097795,1043,-0.3164096857323386,-0.3220126745799234,10.42898222639215,10.438748848890787,10.438748848890787,5.61,-230.27937407554091,-216.7436714318967,151.8092901479535,-229.94994547326044,-216.80407873885142,144.11117072488216,7.992298953970856,0.4251698081888633
117,-229.5939342881213,-215.63942712721143,144.9401853411963,219.5939342881213,175.63942712721146,41.3133951137321,1187,0.0273357960408873,0.8448880984962557,11.544622984654607,11.575530355130226,11.575530355130226,7.53,-229.98695846846934,-216.29919845344725,149.05091545854478,-229.6080425654093,-215.66311075097468,145.08774705177706,4.18184986661849,0.4251698081888637
118,-229.74294923448832,-212.5721192586624,144.638195004029,219.74294923448832,172.57211925866238,41.21273166800967,1241,-0.1216791503261163,3.912195967045335,11.242632647487312,11.904489571020568,11.904489571020568,11.06,-229.18914848173034,-214.07920896517928,145.23659311181083,-229.72306960627995,-212.62621882947923,144.65967553081424,1.7135037066319037,0.4251698081888631
119,-229.72390317700453,-211.089258698941,138.6127080181543,219.72390317700453,171.089258698941,39.20423600605144,1322,-0.1026330928423249,5.395056526766723,5.217145661612619,7.50571631046884,7.50571631046884,12.82,-229.76401847861658,-208.7605035424816,142.40946882273207,-229.72534318458406,-211.00566403701936,138.74899926155777,4.4542229876082375,0.42516980818886385
120,-229.64858841010405,-213.84992570579496,127.34843982169392,219.64858841010405,173.84992570579496,35.44947994056464,1346,-0.0273183259418203,2.6343895199127587,-6.047122534847773,6.596093191050456,6.596093191050456,9.65,-229.76814396791482,-208.6003560438395,130.2765203451095,-229.65288006198008,-213.66148339578737,127.45354829595982,6.012148594199276,0.4251698081888635
121,-229.97658402203857,-215.49380165289256,125.38842975206612,219.97658402203857,175.49380165289256,34.79614325068871,1452,-0.3553139378763603,0.9905135728151606,-8.007132604475572,8.075985245035804,8.075985245035804,7.5,-229.5930035785352,-216.88338869312673,112.2969026728857,-229.96281474388775,-215.54368326389698,124.9184869256652,13.170655540402661,0.4251698081888633
122,-229.71620553359685,-216.66086956521733,129.82292490118576,219.71620553359685,176.66086956521738,36.274308300395255,1265,-0.0949354494346437,-0.1765543395096642,-3.572637455355931,3.578256916680404,3.578256916680404,6.22,-230.3207203226596,-218.91646797230254,119.98174142882033,-229.7379056291514,-216.7418381401009,129.46965873535487,10.11444780702335,0.4251698081888637
123,-229.74294923448832,-216.5721192586624,135.638195004029,219.74294923448832,176.57211925866238,38.21273166800967,1241,-0.1216791503261163,-0.0878040329546649,2.242632647487312,2.247646892953415,2.247646892953415,5.89,-229.5478574373264,-218.7651424920909,136.05864665490563,-229.73594607969886,-216.65084159032372,135.65328783743055,2.2414707899952306,0.4251698081888631
124,-229.77693602693603,-216.90319865319864,138.72727272727272,219.77693602693603,176.90319865319864,39.24242424242424,1188,-0.1556659427738225,-0.4188834274909254,5.331710370731031,5.350404721974501,5.350404721974501,5.8,-229.66801140872445,-216.54031893213474,145.95819340409142,-229.77302599087702,-216.89017246299724,138.9868390314779,7.240839737133818,0.42516980818886385
125,-229.74294923448832,-216.5721192586624,141.638195004029,219.74294923448832,176.57211925866238,40.21273166800967,1241,-0.1216791503261163,-0.0878040329546649,8.242632647487312,8.243998321521596,8.243998321521596,6.14,-229.8042381168734,-216.68886493932825,145.1901593724888,-229.74514930407844,-216.57631004517725,141.76569885934651,3.5544108873153952,0.4251698081888635
126,-229.74294923448832,-215.5721192586624,144.638195004029,219.74294923448832,175.57211925866238,41.21273166800967,1241,-0.1216791503261163,0.912195967045335,11.242632647487312,11.280234755724964,11.280234755724964,7.99,-229.72538256162915,-215.88239781580828,145.26431488426235,-229.74231864862588,-215.58325723983413,144.66067065140024,0.6990046319183306,0.4251698081888633
127,-229.7057471264368,-212.9486590038314,144.75172413793103,219.7057471264368,172.9486590038314,41.25057471264368,1305,-0.0844770422745853,3.535656221876309,11.356161781389346,11.894133499126877,11.894133499126877,10.71,-229.73701979296456,-214.1348797299003,147.39867177700427,-229.70686971245814,-212.9912404320615,144.84674086495744,2.900763588199235,0.4251698081888637
128,-229.7001533742332,-211.9463190184049,141.74769938650306,219.7001533742332,171.94631901840492,40.24923312883436,1304,-0.0788832900709337,4.537996207302797,8.35213702996137,9.505673312196192,9.505673312196192,11.97,-229.66777678819827,-209.6858517879591,144.31450814649992,-229.69899116112708,-211.86517566875307,141.8398393909661,3.4204192072959603,0.4251698081888631
129,-229.71507498026835,-212.75374901341752,135.698500394633,219.71507498026835,172.75374901341752,38.23283346487767,1267,-0.0938048961061497,3.7305662122901992,2.3029380380912983,4.385139362677374,4.385139362677374,10.85,-229.68582586373378,-210.12898706515483,137.12448266383674,-229.71402503304594,-212.65952867982804,135.74968847482668,2.9872489397352355,0.42516980818886385
130,-229.9192857142857,-214.47642857142856,128.60357142857143,219.9192857142857,174.47642857142858,35.86785714285714,1400,-0.2980156301235013,2.007886654279133,-4.791990927970261,5.2041905408986935,5.2041905408986935,8.57,-229.73553902416174,-213.75873494753623,127.16139800595313,-229.91268981157884,-214.4506657274103,128.5518021391458,1.6213300604176162,0.4251698081888635
131,-229.92105263157896,-216.50640113798008,125.63726884779516,219.92105263157896,176.50640113798008,34.87908961593172,1406,-0.2997825474167541,-0.0220859122723595,-7.758293508746533,7.764114600591311,7.764114600591311,6.64,-230.1536946128009,-217.23541923104477,118.77539327098383,-229.9294037146523,-216.53257049324935,125.39095005064686,6.904413523470503,0.4251698081888633
132,-229.95763888888888,-216.5368055555556,128.42499999999998,219.95763888888888,176.53680555555556,35.80833333333333,1440,-0.3363688047266748,-0.052490329847842,-4.970562356541706,4.982207276678703,4.982207276678703,5.98,-229.99130879477485,-219.64803903488882,121.06720682208997,-229.95884752793006,-216.64848861942033,128.16087938968562,7.988618646198194,0.4251698081888637
133,-229.7589576547232,-217.48941368078167,135.59609120521174,219.7589576547232,177.48941368078175,38.19869706840391,1228,-0.1376875705609279,-1.0050984550740338,2.2005288486700465,2.4231194740062447,2.4231194740062447,5.43,-229.97723672067886,-217.13969191310215,132.44760797442075,-229.76679315630975,-217.47685981789286,135.48307099760686,3.1753578884899594,0.4251698081888631
134,-229.78849407783417,-218.23181049069373,141.5177664974619,219.78849407783417,178.23181049069373,40.17258883248731,1182,-0.1672239936719677,-1.7474952649860145,8.122204140920246,8.30974750952098,8.30974750952098,4.25,-229.52132014080632,-218.05660987239898,146.4350982847352,-229.77890341095872,-218.22552136389817,141.69428255891796,4.927700181160196,0.42516980818886385
135,-229.5171455050973,-218.46987951807228,142.21779425393882,219.5171455050973,178.46987951807228,40.40593141797961,1079,0.1041245790648872,-1.9855642923645576,8.822231897397131,9.04351055390162,9.04351055390162,4.2,-229.73273432168023,-218.83009360346475,151.43487565673092,-229.5248844355668,-218.4828100207077,142.54865720517418,9.226636565447174,0.4251698081888635
136,-229.6577540106952,-218.42994652406412,142.98288770053475,219.6577540106952,178.42994652406418,40.66096256684492,935,-0.0364839265329806,-1.94563129835646,9.587325343993086,9.782822674341576,9.782822674341576,4.19,-229.23640591182607,-218.57653412265034,144.37955054801688,-229.64262899775485,-218.43520853742424,143.03302330978073,1.466181862531656,0.4251698081888633
137,-229.74294923448832,-216.5721192586624,144.638195004029,219.74294923448832,176.57211925866238,41.21273166800967,1241,-0.1216791503261163,-0.0878040329546649,11.242632647487312,11.243633941487724,11.243633941487724,6.13,-229.74636600445726,-218.1218060955285,142.25544309581372,-229.7430718853087,-216.62774792655946,144.5526620360577,2.8423665532046805,0.4251698081888637
138,-229.71679389312976,-213.975572519084,144.7442748091603,219.71679389312976,173.97557251908398,41.24809160305343,1310,-0.095523808967556,2.508742706623736,11.3487124526186,11.623088621289003,11.623088621289003,9.38,-229.92104905433126,-214.2739269041978,144.88721887674552,-229.72412598259353,-213.98628246164162,144.7494060317237,0.38880395632231735,0.4251698081888631
139,-229.6509584664537,-212.4065495207668,138.66613418530352,219.6509584664537,172.40654952076676,39.2220447284345,1252,-0.0296883822914821,4.077765704940958,5.270571828761831,6.663931418207539,6.663931418207539,11.31,-229.74921145463378,-210.41191054306927,144.25891830001464,-229.65448542604278,-212.33494853234433,138.86689676696577,5.938642307362988,0.42516980818886385
140,-229.74294923448832,-213.5721192586624,132.638195004029,219.74294923448832,173.57211925866238,37.21273166800967,1241,-0.1216791503261163,2.912195967045335,-0.7573673525126878,3.0115272658156824,3.0115272658156824,9.77,-229.56847755998595,-210.00537754978322,131.3690063320247,-229.73668627438087,-213.4440849453562,132.59263529902665,3.7898452037261587,0.4251698081888635
141,-229.6166219839142,-215.71045576407508,128.01675603217157,219.6166219839142,175.71045576407508,35.67225201072386,1492,0.0046481002480049,0.7738594616326395,-5.378806324370117,5.43419152646263,5.43419152646263,6.99,-229.80902545266568,-214.8829261020964,123.6841727259498,-229.62352863654286,-215.68075016701764,127.8612305207298,4.4150993807154295,0.4251698081888633
142,-229.89657488247147,-217.44190732034923,125.26863666890532,219.89657488247147,177.44190732034923,34.75621222296844,1489,-0.2753047983092642,-0.9575920946415124,-8.126925687636373,8.187777261507298,8.187777261507298,5.24,-229.5077863355123,-219.15937655741328,121.46782915338244,-229.88261865051126,-217.50355882537542,125.1322001618693,4.1889133297984555,0.4251698081888637
143,-229.86090534979425,-218.2765432098765,129.34074074074073,219.86090534979425,178.27654320987654,36.11358024691358,1215,-0.2396352656320459,-1.792227984168818,-4.054821615800961,4.439716718861585,4.439716718861585,4.22,-230.15942184690536,-220.4737650800276,122.29763262047231,-229.87162111164017,-218.35541625880683,129.08791629049384,7.383919558033428,0.4251698081888631
144,-229.76358930112167,-219.10871440897324,135.5746333045729,219.76358930112167,179.10871440897324,38.19154443485763,1159,-0.1423192169594642,-2.624399183265524,2.1790709480312103,3.4140995927468696,3.4140995927468696,3.2,-229.91543761679569,-219.62693580845854,134.89829338787308,-229.76904015694777,-219.12731685525034,135.55035492282727,0.8654750214645438,0.42516980818886385
145,-229.71922246220305,-219.44816414686824,139.96976241900649,219.71922246220305,179.44816414686824,39.65658747300216,926,-0.0979523780408158,-2.963848921160519,6.574200062464797,7.212080251712425,7.212080251712425,2.93,-229.63167780412417,-219.7555485710833,145.5152589871201,-229.71607989649584,-219.45919823817275,140.1688275330496,5.554699041205378,0.4251698081888635
146,-229.77531914893612,-218.19744680851065,141.5131914893617,219.77531914893612,178.19744680851065,40.17106382978724,1175,-0.1540490647739716,-1.71313158280293,8.117629132820014,8.297858378663907,8.297858378663907,4.33,-229.60918971626805,-219.484853500387,147.54826216548454,-229.7693556479126,-218.24366048059403,141.72983070600256,6.173094284431792,0.4251698081888633
147,-229.770887166236,-216.0706287683032,144.64341085271317,219.770887166236,176.07062876830318,41.21447028423773,1161,-0.1496170820738029,0.4136864574045376,11.247848496171486,11.256447821098597,11.256447821098597,6.89,-229.81447719127274,-216.4482549484213,143.87193643184847,-229.77245190497464,-216.08418430795373,144.61571745471275,0.8600432571922261,0.4251698081888637
148,-229.6099754701553,-213.71463614063777,144.85609157808665,219.6099754701553,173.71463614063777,41.28536385936222,1223,0.0112946140068572,2.769679085069953,11.46052922154496,11.790461392179076,11.790461392179076,9.55,-229.7967127025715,-213.0029055133894,146.88740293858552,-229.61667872350878,-213.6890873486151,144.9290089846107,2.1604761334080047,0.4251698081888631
149,-229.56349206349208,-212.97321428571428,143.11904761904762,219.56349206349208,172.97321428571428,40.70634920634921,1008,0.0577780206701277,3.5111009399934403,9.723485262505932,10.338149435980572,10.338149435980572,10.79,-229.4425962427553,-210.40379317057142,144.4709537933902,-229.55915230057875,-212.8809805062811,143.16757661071964,2.905889015540547,0.42516980818886385
150,-229.69158878504672,-216.72118380062307,129.9532710280374,219.69158878504672,176.72118380062307,36.3177570093458,1284,-0.0703187008845134,-0.2368685749153485,-3.4422913285042966,3.4511477846902454,3.4511477846902454,6.6,-229.46189122322062,-211.75028695427102,139.9740309390578,-229.68334339695951,-216.5427449294667,130.31298339824352,11.188306646731457,0.4251698081888635
151,-229.59576023391813,-217.25730994152048,127.95394736842104,219.59576023391813,177.25730994152048,35.651315789473685,1368,0.0255098502440773,-0.7729947158127572,-5.441614988120634,5.496302872119863,5.496302872119863,5.75,-229.8310591152098,-221.240671297977,114.12378806738957,-229.60420669097806,-217.40029953189503,127.45749007110257,14.394298855851076,0.4251698081888633
152,-229.98617829993088,-217.5397373876987,131.4029025570145,219.98617829993088,177.5397373876987,36.80096751900484,1447,-0.3649082157686791,-1.0554221619909754,-1.992659799527189,2.284243205661105,2.284243205661105,4.81,-229.561062693492,-219.7416480338635,121.29518366941998,-229.9709180458422,-217.61877874828883,131.04006864514366,10.35350737108767,0.4251698081888637
153,-229.83839096683133,-219.0515172900494,137.20395201129148,219.83839096683133,179.0515172900494,38.73465067043049,1417,-0.2171208826691213,-2.5672020643416715,3.8083896547497886,4.597988655842506,4.597988655842506,3.38,-230.39037046350512,-218.0973313950114,135.95951367570396,-229.85820521792772,-219.01726515019482,137.1592807620804,1.6624616862104056,0.4251698081888631
154,-229.79173693086005,-219.25463743676224,141.51602023608768,219.79173693086005,179.25463743676224,40.172006745362566,1186,-0.1704668466978205,-2.77032221105452,8.120457879545995,8.581700313595537,8.581700313595537,2.93,-229.802626415495,-220.347597274793,147.02406990191383,-229.79212782759475,-219.29387110540304,141.71374112932338,5.615451086923597,0.42516980818886385
155,-229.4783047426841,-218.5731584258325,142.79212916246215,219.4783047426841,178.5731584258325,40.59737638748739,991,0.1429653414780602,-2.088843200124785,9.396566805920486,9.627002271823676,9.627002271823676,4.15,-229.66079757056536,-219.53559294948698,149.4024439301901,-229.48485563585444,-218.60770666436392,143.0294177527509,6.682502912307053,0.4251698081888635
156,-229.79480737018423,-216.3324958123953,144.4497487437186,219.79480737018423,176.3324958123953,41.1499162479062,1194,-0.1735372860220536,0.1518194133124097,11.054186387176912,11.056590840143528,11.056590840143528,6.81,-229.08068443271438,-217.4934365780967,145.21541057365002,-229.76917270208153,-216.3741697730737,144.47723348879447,1.5633275629572365,0.4251698081888633
157,-229.72390317700453,-214.089258698941,144.6127080181543,219.72390317700453,174.089258698941,41.20423600605144,1322,-0.1026330928423249,2.395056526766723,11.21714566161262,11.47044838321454,11.47044838321454,9.28,-230.03122812928308,-213.3159991052374,145.2278277715259,-229.73493513346185,-214.06150121909857,144.63478879709828,1.034771151770084,0.4251698081888637
158,-229.7415458937198,-213.5636070853462,141.63768115942028,219.7415458937198,173.5636070853462,40.21256038647343,1242,-0.1202758095575973,2.920708140361512,8.242118802878593,8.745142918918113,8.745142918918113,10.19,-229.7852292244314,-210.7944704898382,143.82913374741872,-229.74311398182573,-213.4642041760819,141.71634711006902,3.531641284644969,0.4251698081888631
159,-229.56113681427627,-214.1017845340384,134.02842035690682,219.56113681427627,174.10178453403833,37.67614011896894,1513,0.060133269885938,2.382530691669388,0.6328580003651325,2.465882753806421,2.465882753806421,9.48,-229.76165015269075,-212.5256313440519,137.3488141421713,-229.56833458459104,-214.0452058109862,134.14761158882143,3.6809617447631418,0.42516980818886385
160,-229.79723502304148,-215.50822909809085,128.16458196181696,219.79723502304148,175.50822909809085,35.72152732060566,1519,-0.1759649388792752,0.9760861276168667,-5.230980394724725,5.324177277123228,5.324177277123228,7.7,-229.3622090207283,-215.14291941690314,124.11833393554087,-229.78161901828906,-215.49511568030158,128.01933494653093,4.08592974437902,0.4251698081888635
161,-229.82362459546923,-217.1852750809061,126.71601941747574,219.82362459546923,177.18527508090614,35.23867313915858,1236,-0.2023545113070497,-0.7009598551984197,-6.6795429390659535,6.719269747649066,6.719269747649066,5.7,-229.98949768037957,-217.86480557999147,119.35370298444865,-229.82957889445018,-217.20966799408075,126.45173643715812,7.395470156758501,0.4251698081888633
162,-229.6303703703704,-218.84148148148148,130.37555555555554,219.6303703703704,178.84148148148148,36.45851851851852,1350,-0.0091002862081666,-2.3571662557737625,-3.0200068009861525,3.831025535097643,3.831025535097643,3.93,-229.94061136591998,-219.8148669359902,124.41181522934771,-229.64150700320417,-218.87642282246506,130.1614768642105,6.050613803310057,0.4251698081888637
163,-229.77400662251657,-219.79470198675497,135.68791390728475,219.77400662251657,179.79470198675497,38.22930463576159,1208,-0.152736538354361,-3.310386761047255,2.292351550743064,4.02949929768694,4.02949929768694,2.58,-229.43050155951494,-221.12920561509063,135.96439879422218,-229.76167591890854,-219.8426062841795,135.69783880668257,1.4054677353299783,0.4251698081888631
164,-229.76597582038,-220.04145077720207,141.68911917098447,219.76597582038,180.04145077720207,40.22970639032816,1158,-0.1447057362177588,-3.557135551494355,8.29355681444278,9.025366348032064,9.025366348032064,2.24,-229.8461925206737,-220.96806209149855,144.5864769548539,-229.7688553364695,-220.07471308016963,141.79312479980157,3.042979686842665,0.42516980818886385
165,-229.7716405605936,-218.76174773289364,141.68755152514427,219.7716405605936,178.76174773289364,40.22918384171476,1213,-0.1503704764313624,-2.277432507185921,8.291989168602584,8.60037176389439,8.60037176389439,3.67,-229.80259460808446,-220.0258238336377,150.71561295354834,-229.77275170923795,-218.80712391337866,142.01162928008642,9.116180104438797,0.4251698081888635
166,-229.95774647887325,-216.12957746478872,143.72957746478875,219.95774647887325,176.12957746478872,40.90985915492958,1065,-0.3364763947110418,0.3547377609189936,10.334015108247058,10.345575068631904,10.345575068631904,6.01,-229.780711724712,-216.85330040697357,142.97627119973484,-229.95139151262381,-216.15555674153197,143.7025362439133,1.0595218403577602,0.4251698081888633
167,-229.85306828003456,-216.2713915298185,144.2048401037165,219.85306828003456,176.2713915298185,41.06828003457217,1157,-0.2317981958723578,0.2129236958892306,10.809277747174804,10.813859270373792,10.813859270373792,6.48,-230.15572048277258,-212.42541642000705,144.2872155966385,-229.8639325001298,-216.13333365448884,144.20779711337136,3.858744436075728,0.4251698081888637
168,-229.7172359015092,-213.6989674344718,144.68625893566323,219.7172359015092,173.6989674344718,41.22875297855441,1259,-0.0959658173469222,2.785347791235921,11.290696579121544,11.6295830104965,11.6295830104965,9.55,-229.79231939966,-215.49113472600945,143.75826242877662,-229.71993115250046,-213.7633003543271,144.652946908831,2.0195738781598753,0.4251698081888631
169,-229.74294923448832,-212.5721192586624,141.638195004029,219.74294923448832,172.57211925866238,40.21273166800967,1241,-0.1216791503261163,3.912195967045335,8.242632647487312,9.124750739697692,9.124750739697692,11.02,-229.5135870507379,-211.3264594127148,144.27411878269635,-229.73471588537257,-212.52740416124115,141.73281601067185,2.9244434735663716,0.42516980818886385
170,-229.70790916209867,-213.8034455755677,135.7353171495693,219.70790916209867,173.80344557556774,38.2451057165231,1277,-0.0866390779364678,2.6808696501399822,2.3397547930276232,3.5593568102064577,3.5593568102064577,9.48,-229.70753014447152,-211.03276937108637,137.76881026203313,-229.70789555661065,-213.70398739939768,135.8083128738235,3.4368213529613705,0.4251698081888635
171,-229.6315789473684,-215.8450704225352,130.36767976278725,219.6315789473684,175.8450704225352,36.45589325426241,1349,-0.0103088632062053,0.6392448031725166,-3.027882593754441,3.094642659921303,3.094642659921303,6.99,-229.6892949025813,-215.33841306314787,127.93771908439273,-229.6336507606074,-215.82688308731852,130.28045215501155,2.4828897901137394,0.4251698081888633
172,-229.57112676056337,-216.8830985915493,127.71338028169016,219.57112676056337,176.8830985915493,35.57112676056338,1420,0.0501433235988315,-0.3987833658415809,-5.682182074851539,5.696379170801187,5.696379170801187,6.03,-229.55845264373866,-219.0944317843422,122.75175049522231,-229.57067180139424,-216.96247819061745,127.53527406754837,5.432119775994444,0.4251698081888637
173,-229.7810902896082,-217.19250425894376,129.5161839863714,219.7810902896082,177.1925042589438,36.17206132879046,1174,-0.1598202054459818,-0.7081890332360672,-3.8793783701702864,3.946726585894911,3.946726585894911,5.58,-229.49615766227737,-218.99883259770343,124.11603709458905,-229.77086214407467,-217.25734551388604,129.32233644834506,5.701367829069666,0.4251698081888631
174,-229.76283618581908,-218.4832925835371,135.59413202933985,219.76283618581908,178.4832925835371,38.19804400977995,1227,-0.1415661016568776,-1.998977357829375,2.1985696727981576,2.9748378181676784,2.9748378181676784,4.05,-230.00798163962557,-217.67998491940375,132.3857676609146,-229.77163610249377,-218.4544564766514,135.47896228555805,3.3164742449411575,0.42516980818886385
175,-229.77043765483072,-219.3831544178365,138.55986787778696,219.77043765483072,179.3831544178365,39.18662262592898,1211,-0.14916757066851,-2.898839192128776,5.164305521245268,5.924151512472087,5.924151512472087,2.82,-229.83230038619988,-219.51337407813705,144.60673355811088,-229.7726583237147,-219.3878288759684,138.776930496341,6.048584025484021,0.4251698081888635
176,-229.48901623686723,-218.66380133715376,142.72779369627506,219.48901623686723,178.6638013371538,40.57593123209169,1047,0.1322538472949759,-2.179486111446068,9.332231339733369,9.58426797248555,9.58426797248555,3.76,-229.77007106824632,-220.33769556195975,144.77753571237307,-229.4991051822617,-218.72388864235074,142.80137270280437,2.6612696268206104,0.4251698081888633
177,-229.74294923448832,-216.5721192586624,144.638195004029,219.74294923448832,176.57211925866238,41.21273166800967,1241,-0.1216791503261163,-0.0878040329546649,11.242632647487312,11.243633941487724,11.243633941487724,6.38,-229.16334945197374,-217.7795416374288,147.87813532451247,-229.72214350584193,-216.61546175659296,144.75449822078662,3.505854815723455,0.4251698081888637
178,-229.7050304878049,-213.9801829268293,144.7454268292683,219.7050304878049,173.98018292682926,41.2484756097561,1312,-0.0837604036426853,2.50413229887846,11.349864472726608,11.623128577313697,11.623128577313697,9.38,-229.91450160998755,-213.6671492415117,146.79236776394185,-229.7125498131374,-213.96894604560472,144.8189052861739,2.0813061834372726,0.4251698081888631
179,-229.7039674465921,-212.88199389623605,143.1851475076297,219.7039674465921,172.88199389623605,40.728382502543234,983,-0.0826973624298545,3.6023213294716925,9.789585151088003,10.431660234350154,10.431660234350154,10.83,-229.76536053128706,-210.26885145383267,143.93167019602907,-229.7061712567029,-212.78819066474566,143.21194522038215,2.718377946392543,0.42516980818886385
180,-229.74294923448832,-214.5721192586624,138.638195004029,219.74294923448832,174.57211925866238,39.21273166800967,1241,-0.1216791503261163,1.912195967045335,5.242632647487312,5.5818004540209385,5.5818004540209385,8.91,-229.70656960257588,-211.0413392988902,140.08624499731124,-229.74164332518217,-214.44537585404206,138.69017524304138,3.816356820973621,0.4251698081888635
181,-229.93718411552348,-216.4765342960289,131.68808664259927,219.93718411552348,176.4765342960289,36.896028880866425,1385,-0.3159140313612738,0.0077809296788302,-1.707475713942415,1.7364721511676364,1.7364721511676364,6.37,-229.77630838705852,-216.673819744207,132.25428329859483,-229.9314092052264,-216.48361619568536,131.70841124302274,0.6207907870873418,0.4251698081888633
