frame,actual_x_mm,actual_y_mm,actual_z_mm,predicted_x_mm,predicted_y_mm,predicted_z_mm,prediction_error_mm,uncertainty_bound_mm,safety_status,predicted_motion_magnitude_mm,state,consecutive_deviations,replanning_review
139,-229.6509584664537,-212.4065495207668,138.66613418530352,-229.6185291487036,-212.74921312456445,141.05528031910634,2.413812182975785,3.4304319816256146,CONTINUE,343.34165013793046,STABLE,0,False
140,-229.74294923448832,-213.5721192586624,132.638195004029,-229.7745998749448,-212.9035181507365,133.31444921127112,0.9514982697691616,3.4304319816256146,CONTINUE,340.4365097300178,STABLE,0,False
141,-229.6166219839142,-215.71045576407508,128.01675603217157,-229.82724427626195,-215.7851576413715,128.56436124075367,0.591450407871764,3.4304319816256146,CONTINUE,340.4593829683287,STABLE,0,False
142,-229.89657488247147,-217.44190732034923,125.26863666890532,-229.79885628147343,-217.2709491827141,128.69341227772338,3.4304319816256146,3.4304319816256146,CONTINUE,341.43253223838366,STABLE,0,False
143,-229.86090534979425,-218.2765432098765,129.34074074074073,-229.7595446974589,-218.74707710120595,129.11780625085308,0.5304487831194822,3.4304319816256146,CONTINUE,342.5071386277042,STABLE,0,False
144,-229.76358930112167,-219.10871440897324,135.5746333045729,-229.7780459084248,-218.61206088295043,136.90394452060715,1.4191342528034765,3.4304319816256146,CONTINUE,345.4444580106713,STABLE,0,False
145,-229.71922246220305,-219.44816414686824,139.96976241900649,-229.8067961256585,-218.603994715284,143.0868245562101,3.2305367267593046,3.4304319816256146,CONTINUE,347.9550393550861,STABLE,0,False
146,-229.7753191489361,-218.19744680851065,141.5131914893617,-229.7890482997461,-218.80273399642203,143.50969311039717,2.086283727643216,3.4304319816256146,CONTINUE,348.24226501022594,STABLE,0,False
147,-229.770887166236,-216.0706287683032,144.64341085271317,-229.6982662603308,-216.7819297862285,142.35769485440002,2.3949364415409184,3.4304319816256146,CONTINUE,346.44106553510886,STABLE,0,False
148,-229.6099754701553,-213.71463614063777,144.85609157808665,-229.6674707346255,-214.40436931612493,143.91038086212896,1.1719241942554597,3.4304319816256146,CONTINUE,345.5815076293412,STABLE,0,False
149,-229.56349206349208,-212.97321428571428,143.11904761904762,-229.70432954739425,-212.854039128954,140.8420546413935,2.2844550630614093,3.4304319816256146,CONTINUE,343.3764775606178,STABLE,0,False
150,-229.69158878504672,-216.72118380062307,129.9532710280374,-229.73014535448343,-213.70294089140583,136.24912570383972,6.982052919228623,3.4304319816256146,REVIEW,342.06536054574207,DEVIATION,1,False
151,-229.59576023391813,-217.25730994152048,127.95394736842104,-229.84568769762456,-218.91011122792256,126.11378902741149,2.4860407376859763,3.4304319816256146,CONTINUE,341.54848079572224,STABLE,0,False
152,-229.98617829993088,-217.5397373876987,131.4029025570145,-229.67341271045407,-216.5548599259933,131.95038785806156,1.169421260025073,3.4304319816256146,CONTINUE,342.13562912904297,STABLE,0,False
153,-229.83839096683133,-219.0515172900494,137.20395201129148,-229.75887465301653,-217.71816711696823,137.4496062356078,1.3581205860094403,3.4304319816256146,CONTINUE,345.0836638105552,STABLE,0,False
154,-229.79173693086005,-219.25463743676224,141.51602023608768,-229.802200759068,-219.559385146222,142.9598639373937,1.4756914623059738,3.4304319816256146,CONTINUE,348.50092937680404,STABLE,0,False
155,-229.4783047426841,-218.5731584258325,142.79212916246215,-229.76478774548409,-217.90898249559865,145.52724256015958,2.829142533606128,3.4304319816256146,CONTINUE,348.50302820371303,STABLE,0,False
156,-229.79480737018423,-216.3324958123953,144.4497487437186,-229.7443498007257,-216.64187214614145,145.10456191431737,0.7259751859309542,3.4304319816256146,CONTINUE,347.5219430779721,STABLE,0,False
157,-229.72390317700453,-214.089258698941,144.6127080181543,-229.63851826842264,-214.85486673840828,142.94286500794794,1.838973064361065,3.4304319816256146,CONTINUE,345.4404803875427,STABLE,0,False
158,-229.7415458937198,-213.5636070853462,141.63768115942028,-229.65080623531907,-213.5924391363464,139.72262302299643,1.9174234374948995,3.4304319816256146,CONTINUE,343.3418620634138,STABLE,0,False
159,-229.56113681427627,-214.1017845340384,134.02842035690682,-229.7187640511343,-213.6711545201289,136.19515952254284,2.2147341074224256,3.4304319816256146,CONTINUE,342.016365556557,STABLE,0,False
160,-229.79723502304148,-215.50822909809085,128.16458196181696,-229.82267067890595,-215.04237337682665,130.27925382069998,2.1655266325713054,3.4304319816256146,CONTINUE,340.63817502094764,STABLE,0,False
161,-229.82362459546923,-217.1852750809061,126.71601941747574,-229.79039773746948,-217.0519910124624,128.04626235569955,1.3373163207288656,3.4304319816256146,CONTINUE,341.04404260752466,STABLE,0,False
162,-229.6303703703704,-218.84148148148148,130.37555555555554,-229.7913393554902,-218.1769905922083,131.13519658124534,1.022014502836727,3.4304319816256146,CONTINUE,342.93104066133253,STABLE,0,False
163,-229.77400662251657,-219.79470198675497,135.68791390728475,-229.81631277368857,-218.8369786793754,137.76552192330996,2.28811687030564,3.4304319816256146,CONTINUE,345.9544766081417,STABLE,0,False
164,-229.76597582038,-220.04145077720207,141.68911917098447,-229.825796406776,-219.7594936670044,141.74437334990102,0.293481411396886,3.4304319816256146,CONTINUE,348.14594515395856,STABLE,0,False
165,-229.7716405605936,-218.76174773289364,141.68755152514427,-229.73097406856897,-218.9379574611404,145.78080528006714,4.097246628419204,3.4304319816256146,REVIEW,349.2308589627418,DEVIATION,1,False
166,-229.95774647887325,-216.12957746478872,143.72957746478875,-229.71325811530224,-216.47377262532248,144.06749040327952,0.5407679931874285,3.4304319816256146,CONTINUE,346.9647200792702,STABLE,0,False
167,-229.85306828003456,-216.2713915298185,144.2048401037165,-229.71965587422343,-214.96764876291044,143.55014835871228,1.4649796426114663,3.4304319816256146,CONTINUE,345.8162162239272,STABLE,0,False
168,-229.7172359015092,-213.6989674344718,144.68625893566323,-229.7278060571112,-215.65282526586287,142.59470622047647,2.8622132893763905,3.4304319816256146,CONTINUE,345.8529400815706,STABLE,0,False
169,-229.74294923448832,-212.5721192586624,141.638195004029,-229.61861611099656,-212.9035225324397,139.71954834724613,1.95102328254985,3.4304319816256146,CONTINUE,342.89090241913493,STABLE,0,False
170,-229.70790916209867,-213.8034455755677,135.7353171495693,-229.6932353822141,-213.8426103712501,134.72648952510156,1.0096941997091011,3.4304319816256146,CONTINUE,341.52433496091726,STABLE,0,False
171,-229.6315789473684,-215.8450704225352,130.36767976278725,-229.75157180063093,-215.62431906101665,131.96027627202477,1.612294355780585,3.4304319816256146,CONTINUE,341.6037854432774,STABLE,0,False
172,-229.57112676056337,-216.8830985915493,127.71338028169016,-229.75569290246,-216.9962536589538,130.6175169132411,2.912194757348819,3.4304319816256146,CONTINUE,341.9590446935003,STABLE,0,False
173,-229.7810902896082,-217.19250425894376,129.5161839863714,-229.746928407441,-217.18641407913103,132.00144113343347,2.485499388756003,3.4304319816256146,CONTINUE,342.6046847819056,STABLE,0,False
174,-229.76283618581908,-218.4832925835371,135.59413202933985,-229.7629691303989,-217.9560829843712,134.60817697822762,1.1180596325512544,3.4304319816256146,CONTINUE,344.11515137074184,STABLE,0,False
175,-229.77043765483072,-219.3831544178365,138.55986787778696,-229.7880331698874,-218.8380186073341,140.81235200193376,2.3175779131618355,3.4304319816256146,CONTINUE,347.16096706338647,STABLE,0,False
176,-229.48901623686723,-218.66380133715376,142.72779369627506,-229.77854765728887,-218.62912560538163,142.42470946309516,0.4205840013452171,3.4304319816256146,CONTINUE,347.680418476672,STABLE,0,False
177,-229.74294923448832,-216.5721192586624,144.638195004029,-229.7338977284328,-216.5988377198904,146.05658680214492,1.418672301447652,3.4304319816256146,CONTINUE,347.8868304713444,STABLE,0,False
178,-229.7050304878049,-213.9801829268293,144.7454268292683,-229.6699203641984,-214.74551947198665,144.38086165519783,0.8484577268656976,3.4304319816256146,CONTINUE,345.99095893633984,STABLE,0,False
179,-229.7039674465921,-212.88199389623605,143.1851475076297,-229.6518160903912,-213.3754280544636,139.9997640812488,3.2237966135476697,3.4304319816256146,CONTINUE,343.3204973109613,STABLE,0,False
