frame,actual_x_mm,actual_y_mm,actual_z_mm,pred_x_mm,pred_y_mm,pred_z_mm,error_x_mm,error_y_mm,error_z_mm,absolute_error_x_mm,absolute_error_y_mm,absolute_error_z_mm,prediction_error_3d_mm
50.0,-229.7054263565892,-212.2434108527132,138.57209302325583,-229.74315301726583,-214.3566114235948,137.419254387132,0.03772666067663977,2.1132005708816166,1.1528386361238177,0.03772666067663977,2.1132005708816166,1.1528386361238177,2.407504283410525
51.0,-229.70952749806352,-213.8807126258714,132.75058094500386,-229.63291399211255,-213.96976070953917,133.412144097311,-0.0766135059509736,0.08904808366776251,-0.6615631523071386,0.0766135059509736,0.08904808366776251,0.6615631523071386,0.671911448771011
52.0,-229.76614420062697,-214.882131661442,131.29467084639498,-229.71388445846966,-213.47533378336541,134.69236990404787,-0.05225974215730389,-1.4067978780765884,-3.3976990576528863,0.05225974215730389,1.4067978780765884,3.3976990576528863,3.6777942080527635
53.0,-229.7664526484751,-215.5634028892456,135.59951845906903,-229.8421642091726,-215.18774436921206,137.7099419240783,0.07571156069749918,-0.3756585200335394,-2.110423465009262,0.07571156069749918,0.3756585200335394,2.110423465009262,2.14493327769391
54.0,-229.7080291970803,-215.5888077858881,138.68126520681267,-229.61868717430556,-215.84555900339183,140.69366148615612,-0.08934202277472991,0.25675121750373364,-2.0123962793434487,0.08934202277472991,0.25675121750373364,2.0123962793434487,2.0306752497232257
55.0,-229.74294923448832,-215.5721192586624,141.638195004029,-229.75619194088569,-215.70547649024329,142.0886348651509,0.01324270639736369,0.13335723158087376,-0.45043986112190737,0.01324270639736369,0.13335723158087376,0.45043986112190737,0.4699527518540186
56.0,-229.9501525940997,-215.46083418107835,143.2675483214649,-229.7719420363107,-215.72964559564582,144.11329682904147,-0.17821055778901496,0.26881141456746604,-0.8457485075765874,0.17821055778901496,0.26881141456746604,0.8457485075765874,0.9051569574263123
57.0,-229.74294923448832,-214.5721192586624,144.638195004029,-229.72552067926435,-215.56933229702315,143.33817603335416,-0.017428555223972353,0.9972130383607407,1.3000189706748415,0.017428555223972353,0.9972130383607407,1.3000189706748415,1.6385319412597148
58.0,-229.74294923448832,-212.5721192586624,144.638195004029,-229.67696142033412,-213.30282447804333,144.5373712708623,-0.06598781415419808,0.7307052193809227,0.10082373316669191,0.06598781415419808,0.7307052193809227,0.10082373316669191,0.7405740573481087
59.0,-229.61167002012075,-211.9235412474849,143.15191146881287,-229.8153939886619,-211.72030057042232,143.6816397056002,0.20372396854114072,-0.2032406770625812,-0.5297282367873208,0.20372396854114072,0.2032406770625812,0.5297282367873208,0.6028451152831977
60.0,-229.74294923448832,-214.5721192586624,132.638195004029,-229.84344720989017,-211.98460239377343,142.07183940728186,0.10049797540185068,-2.5875168648889826,-9.433644403252856,0.10049797540185068,2.5875168648889826,9.433644403252856,9.782586063826308
61.0,-229.6320895522388,-216.85,133.30298507462686,-229.77223716688678,-216.00478594502104,131.31120856109578,0.14014761464798653,-0.8452140549789533,1.9917765135310788,0.14014761464798653,0.8452140549789533,1.9917765135310788,2.1682255031429514
62.0,-229.74435483870968,-216.5661290322581,138.63387096774193,-229.59483606393167,-215.9643436629654,135.70973126956508,-0.14951877477801645,-0.6017853692926849,2.9241396981768446,0.14951877477801645,0.6017853692926849,2.9241396981768446,2.9891628375114694
63.0,-229.74294923448832,-215.5721192586624,141.638195004029,-229.61351246973834,-214.84639054854176,142.34851932440162,-0.12943676474998256,-0.7257287101206487,-0.7103243203726208,0.12943676474998256,0.7257287101206487,0.7103243203726208,1.0237170882988855
64.0,-229.966281310212,-216.14932562620425,143.59826589595377,-229.73541298745204,-215.5814638598204,142.0873682457568,-0.23086832275996017,-0.5678617663838565,1.5108976501969664,0.23086832275996017,0.5678617663838565,1.5108976501969664,1.630514911782565
65.0,-229.75222672064777,-215.54412955465588,144.60728744939271,-229.80797012579953,-216.25666005336495,142.98788975300124,0.05574340515175891,0.7125304987090715,1.6193976963914736,0.05574340515175891,0.7125304987090715,1.6193976963914736,1.770100544569862
66.0,-229.74294923448832,-214.5721192586624,144.638195004029,-229.717407854328,-214.07163877505388,145.2994906804313,-0.025541380160319704,-0.500480483608527,-0.6612956764022897,0.025541380160319704,0.500480483608527,0.6612956764022897,0.8297258873880463
67.0,-229.5268085106383,-212.5182978723404,145.08510638297872,-229.68826402484905,-213.31453968884188,143.96231695911698,0.16145551421075766,0.796241816501464,1.1227894238617466,0.16145551421075766,0.796241816501464,1.1227894238617466,1.3859022345571148
68.0,-229.4470134874759,-211.5134874759152,142.84393063583815,-229.74898209991935,-212.30056526977748,141.28338139053838,0.30196861244343154,0.7870777938622666,1.560549245299768,0.30196861244343154,0.7870777938622666,1.560549245299768,1.7736940106731431
69.0,-229.72458270106225,-212.11684370257967,138.58270106221548,-229.62986571758904,-212.26658634485057,137.60951129193762,-0.09471698347320512,0.14974264227089407,0.9731897702778554,0.09471698347320512,0.14974264227089407,0.9731897702778554,0.9891877955403602
70.0,-229.74294923448832,-213.5721192586624,132.638195004029,-229.75426020574372,-214.27802608663026,132.5231297389801,0.011310971255397817,0.7059068279678513,0.11506526504891212,0.011310971255397817,0.7059068279678513,0.11506526504891212,0.7153128008522919
71.0,-229.72727272727272,-214.6634768740032,132.67942583732057,-229.69614890584552,-215.1102445590595,129.66212864419404,-0.031123821427200937,0.44676768505630093,3.017297193126524,0.031123821427200937,0.44676768505630093,3.017297193126524,3.050352833414521
72.0,-229.74294923448832,-215.5721192586624,138.638195004029,-229.79674956052136,-214.50180618600075,136.1007775966354,0.0538003260330413,-1.070313072661662,2.5374174073936047,0.0538003260330413,1.070313072661662,2.5374174073936047,2.7544421663806617
73.0,-229.74294923448832,-215.5721192586624,141.638195004029,-229.79678110448987,-215.25910439643175,144.04284289089483,0.05383187000154521,-0.3130148622306592,-2.404647886865831,0.05383187000154521,0.3130148622306592,2.404647886865831,2.4255324434056638
74.0,-229.57464212678937,-215.7034764826176,143.02147239263803,-229.69311884674943,-215.585479053981,143.51509410434937,0.11847671996005715,-0.1179974286365848,-0.4936217117113415,0.11847671996005715,0.1179974286365848,0.4936217117113415,0.5211741749263623
75.0,-229.80314309346568,-214.5674110835401,144.32754342431764,-229.74788587099528,-214.85279743239872,144.6067337124086,-0.05525722247040221,0.2853863488586228,-0.2791902880909731,0.05525722247040221,0.2853863488586228,0.2791902880909731,0.40304583574863995
76.0,-229.76307189542484,-214.50081699346404,144.546568627451,-229.6970032248989,-213.73517785069708,144.803731542307,-0.06606867052593657,-0.7656391427669575,-0.2571629148559964,0.06606867052593657,0.7656391427669575,0.2571629148559964,0.8103709835249648
77.0,-229.7231467473525,-213.09606656580937,144.6036308623298,-229.70018472010426,-214.10256439514,143.1935536942185,-0.022962027248240702,1.006497829330641,1.410077168111286,0.022962027248240702,1.006497829330641,1.410077168111286,1.732594226924292
78.0,-229.6634996041172,-211.3840063341251,144.66983372921615,-229.61822755888102,-212.05770529020577,141.38271830373614,-0.04527204523617456,0.6736989560806705,3.2871154254800103,0.04527204523617456,0.6736989560806705,3.2871154254800103,3.355748450336032
79.0,-229.57569913211185,-211.1841851494696,143.10318225650917,-229.77839784843667,-211.7023612929722,140.0280619739078,0.20269871632481795,0.5181761435025862,3.0751202826013753,0.20269871632481795,0.5181761435025862,3.0751202826013753,3.1250532855875117
80.0,-229.7242472266244,-211.49920760697304,138.63708399366087,-229.64559186220518,-211.9351363626248,138.04450931428119,-0.07865536441923382,0.4359287556517586,0.5925746793796804,0.07865536441923382,0.4359287556517586,0.5925746793796804,0.7398413998945613
81.0,-229.70524691358025,-212.90895061728395,132.74537037037038,-229.69713824963702,-213.06591170585833,134.36933685996178,-0.008108663943232841,0.15696108857437707,-1.6239664895913961,0.008108663943232841,0.15696108857437707,1.6239664895913961,1.6315543794410285
82.0,-229.6390753169277,-214.847874720358,130.31319910514543,-229.7300283966945,-214.21454322592493,132.0999102205329,0.09095307976681966,-0.6333314944330652,-1.786711115387476,0.09095307976681966,0.6333314944330652,1.786711115387476,1.8978192364946265
83.0,-229.74294923448832,-215.5721192586624,135.638195004029,-229.74355083091046,-214.8531241197798,135.53102397247244,0.0006015964221433023,-0.7189951388826046,0.10717103155656105,0.0006015964221433023,0.7189951388826046,0.10717103155656105,0.7269387881107793
84.0,-229.74294923448832,-215.5721192586624,141.638195004029,-229.7710375036963,-215.6720357120982,141.81755361797863,0.02808826920798424,0.0999164534357817,-0.17935861394963126,0.02808826920798424,0.0999164534357817,0.17935861394963126,0.20722393909058334
85.0,-229.60800667222685,-215.6238532110092,141.87072560467055,-229.71773550480512,-215.52215081102514,144.5328074925546,0.10972883257826993,-0.10170239998404895,-2.6620818878840566,0.10972883257826993,0.10170239998404895,2.6620818878840566,2.6662827630733106
86.0,-229.95727365208543,-215.4445574771109,143.2767039674466,-229.7553986170012,-215.07385944418112,143.7948103761209,-0.20187503508424243,-0.37069803292976644,-0.5181064086742992,0.20187503508424243,0.37069803292976644,0.5181064086742992,0.6682849782223467
87.0,-229.74294923448832,-214.5721192586624,144.638195004029,-229.7815480847588,-215.23366826500603,144.98431477317712,0.03859885027048904,0.6615490063436198,-0.3461197691481175,0.03859885027048904,0.6615490063436198,0.3461197691481175,0.7476201265559806
88.0,-229.5257731958763,-212.71790065604492,145.65323336457357,-229.62326660681285,-213.07103477534525,145.31439245939424,0.09749341093655062,0.35313411930033567,0.33884090517932464,0.09749341093655062,0.35313411930033567,0.33884090517932464,0.4990208717206234
89.0,-229.7120743034056,-211.8823529411765,144.75696594427245,-229.65653786247213,-211.04095048884665,145.01756414761206,-0.05553644093345156,-0.8414024523298451,-0.2605982033396117,0.05553644093345156,0.8414024523298451,0.2605982033396117,0.8825835975374036
90.0,-229.56969696969696,-214.4841750841751,133.55151515151516,-229.76557053564454,-212.796396223163,139.8691545865852,0.1958735659475792,-1.6877788610121058,-6.317639435070049,0.1958735659475792,1.6877788610121058,6.317639435070049,6.542135123112985
91.0,-229.74294923448832,-215.5721192586624,132.638195004029,-229.6547572237728,-215.90993892702525,130.33673289298955,-0.08819201071551674,0.3378196683628403,2.3014621110394557,0.08819201071551674,0.3378196683628403,2.3014621110394557,2.3277946231652424
92.0,-229.74294923448832,-215.5721192586624,135.638195004029,-229.7064030672759,-215.27950431221348,135.12479690068025,-0.03654616721243542,-0.2926149464489356,0.5133981033487487,0.03654616721243542,0.2926149464489356,0.5133981033487487,0.5920614340972777
93.0,-229.74294923448832,-215.5721192586624,141.638195004029,-229.74988217399965,-215.42181227592968,139.03852838868437,0.006932939511330005,-0.15030698273272947,2.5996666153446313,0.006932939511330005,0.15030698273272947,2.5996666153446313,2.6040174280610904
94.0,-229.7017726798749,-216.68717413972888,143.1084462982273,-229.7374831612828,-215.55035891222292,143.76767340000666,0.03571048140790367,-1.1368152275059629,-0.6592271017793507,0.03571048140790367,1.1368152275059629,0.6592271017793507,1.3146119091550255
95.0,-229.8740088105727,-216.2352422907489,144.07665198237885,-229.78718834307878,-216.22730612007635,143.58138996504698,-0.08682046749390793,-0.007936170672536491,0.4952620173318678,0.08682046749390793,0.007936170672536491,0.4952620173318678,0.5028769652633094
96.0,-229.74294923448832,-215.5721192586624,144.638195004029,-229.65536429136782,-215.409323599667,143.81431314261673,-0.08758494312050402,-0.1627956589954067,0.8238818614122749,0.08758494312050402,0.1627956589954067,0.8238818614122749,0.8443665497953633
97.0,-229.4932088285229,-213.26230899830225,145.36757215619693,-229.6729444818535,-213.67176113468724,144.9851995646188,0.17973565333059582,0.4094521363849992,0.3823725915781324,0.17973565333059582,0.4094521363849992,0.3823725915781324,0.5883576768077335
98.0,-229.7085889570552,-211.9478527607362,144.74539877300612,-229.66569048181523,-211.50028163739904,144.53375434376608,-0.042898475239979916,-0.44757112333715554,0.2116444292400388,0.042898475239979916,0.44757112333715554,0.2116444292400388,0.49694421623713486
99.0,-229.7173252279636,-213.00683890577508,138.7226443768997,-229.73333358665175,-213.01701434961063,138.9238442957317,0.01600835868813988,0.010175443835549913,-0.20119991883200328,0.01600835868813988,0.010175443835549913,0.20119991883200328,0.20209209421237456
100.0,-229.89060402684564,-214.44228187919464,131.26510067114094,-229.69074677197855,-214.69847248548314,132.95085732724684,-0.1998572548670836,0.25619060628849866,-1.6857566561058945,0.1998572548670836,0.25619060628849866,1.6857566561058945,1.7167853834066744
101.0,-229.76343381389253,-215.51769331585845,131.1467889908257,-229.72407228056866,-215.46617274419629,131.0913898814229,-0.039361533323869935,-0.0515205716621665,0.05539910940279924,0.039361533323869935,0.0515205716621665,0.05539910940279924,0.08528048389066444
102.0,-229.74294923448832,-215.5721192586624,135.638195004029,-229.76786968354418,-215.6528126937259,136.36924953438444,0.024920449055855443,0.08069343506349469,-0.7310545303554363,0.024920449055855443,0.08069343506349469,0.7310545303554363,0.7359165615725056
103.0,-229.74294923448832,-216.5721192586624,141.638195004029,-229.7218407771328,-215.84647850470404,141.85477784845585,-0.021108457355524024,-0.7256407539583734,-0.21658284442685272,0.021108457355524024,0.7256407539583734,0.21658284442685272,0.7575672902635335
104.0,-229.74294923448832,-217.5721192586624,144.638195004029,-229.78599949491888,-217.2746043430373,144.258026452513,0.04305026043056159,-0.2975149156251007,0.38016855151599316,0.04305026043056159,0.2975149156251007,0.38016855151599316,0.484661301843172
105.0,-229.7379032258065,-217.5741935483871,144.64354838709676,-229.7116468135276,-216.86364126065834,145.67527986365852,-0.02625641227888309,-0.7105522877287456,-1.0317314765617596,0.02625641227888309,0.7105522877287456,1.0317314765617596,1.253013883606491
106.0,-229.55488331892823,-217.68885047536733,145.09680207433018,-229.6847246725043,-215.5813959230698,146.34610160947975,0.12984135357606874,-2.1074545522975257,-1.2492995351495608,0.12984135357606874,2.1074545522975257,1.2492995351495608,2.4533594917221038
107.0,-229.4175609756097,-215.73268292682928,145.8029268292683,-229.68183503717088,-215.16822700649712,147.86589400640298,0.2642740615611956,-0.5644559203321649,-2.0629671771346807,0.2642740615611956,0.5644559203321649,2.0629671771346807,2.1550602867546687
108.0,-229.73079847908744,-212.1239543726236,144.58859315589353,-229.56424953699718,-213.5442613816682,145.61796418598533,-0.16654894209025883,1.4203070090446204,-1.029371030091795,0.16654894209025883,1.4203070090446204,1.029371030091795,1.76199184664541
109.0,-229.37121906507792,-211.1970669110908,139.87259395050413,-229.69688395871836,-212.6347869348732,136.56843628381182,0.32566489364043605,1.4377200237824184,3.304157666692305,0.32566489364043605,1.4377200237824184,3.304157666692305,3.618087115603533
110.0,-229.6063492063492,-211.97333333333333,134.22095238095238,-229.7889858535136,-212.13799280002002,131.93529577644796,0.18263664716440076,0.16465946668668607,2.2856566045044246,0.18263664716440076,0.16465946668668607,2.2856566045044246,2.298846449541964
111.0,-229.581237253569,-214.06322229775665,127.8864717878994,-229.81568795039564,-213.92798902399062,129.7249157859988,0.23445069682665576,-0.13523327376603334,-1.8384439980994074,0.23445069682665576,0.13523327376603334,1.8384439980994074,1.8582603428270532
112.0,-229.8229792919172,-215.7187708750835,123.00400801603206,-229.74533271454283,-216.566925801598,126.11302525117075,-0.07764657737436664,0.8481549265144963,-3.109017235138694,0.07764657737436664,0.8481549265144963,3.109017235138694,3.2235669589351192
113.0,-229.9154437456324,-216.5199161425577,125.44863731656184,-229.71587838484592,-217.24393358996892,127.34363789670373,-0.19956536078646536,0.724017447411228,-1.8950005801418826,0.19956536078646536,0.724017447411228,1.8950005801418826,2.038395152103677
114.0,-229.6058981233244,-216.7077747989276,134.01474530831098,-229.903439480238,-217.69562313440215,134.39703857427605,0.29754135691359807,0.9878483354745526,-0.3822932659650746,0.29754135691359807,0.9878483354745526,0.3822932659650746,1.1002378534553667
115.0,-230.0,-216.96844181459565,140.53846153846155,-229.84696376146346,-216.67926128036822,143.83296204663174,-0.15303623853654358,-0.28918053422742673,-3.294500508170188,0.15303623853654358,0.28918053422742673,3.294500508170188,3.31070673271057
116.0,-229.9376797698945,-216.80632790028764,143.82454458293384,-229.85933852478556,-218.32966246915078,143.47936449177442,-0.07834124510893048,1.5233345688631346,0.3451800911594205,0.07834124510893048,1.5233345688631346,0.3451800911594205,1.5639165114261935
117.0,-229.5939342881213,-215.63942712721143,144.9401853411963,-229.78699871133355,-216.6839779640799,143.65382765143136,0.19306442321226314,1.044550836868467,1.286357689764941,0.19306442321226314,1.044550836868467,1.286357689764941,1.6682555045107132
118.0,-229.74294923448832,-212.5721192586624,144.638195004029,-229.6788272217151,-212.93770196480918,147.8420116979162,-0.06412201277322538,0.3655827061467676,-3.2038166938872052,0.06412201277322538,0.3655827061467676,3.2038166938872052,3.2252447590200073
119.0,-229.72390317700453,-211.089258698941,138.6127080181543,-229.69214427445095,-211.57141470706011,142.7955744973394,-0.03175890255357672,0.4821560081191194,-4.182866479185094,0.03175890255357672,0.4821560081191194,4.182866479185094,4.210683439389273
120.0,-229.64858841010405,-213.84992570579496,127.34843982169392,-229.68414682888522,-212.32452918889015,132.77969911307258,0.03555841878116439,-1.5253965169048058,-5.431259291378666,0.03555841878116439,1.5253965169048058,5.431259291378666,5.64151366435628
121.0,-229.97658402203857,-215.49380165289256,125.38842975206612,-229.84410731756083,-216.24012385952653,125.51622113199673,-0.13247670447773885,0.7463222066339767,-0.1277913799306134,0.13247670447773885,0.7463222066339767,0.1277913799306134,0.7686855990122755
122.0,-229.71620553359685,-216.66086956521733,129.82292490118576,-229.77427068886684,-217.11960464189153,128.15559857303143,0.058065155269986235,0.458735076674202,1.6673263281543313,0.058065155269986235,0.458735076674202,1.6673263281543313,1.7302561999265942
123.0,-229.74294923448832,-216.5721192586624,135.638195004029,-229.7495391869316,-217.31667345210298,135.61865854280646,0.00658995244327798,0.744554193440564,0.019536461222543267,0.00658995244327798,0.744554193440564,0.019536461222543267,0.7448396121046686
124.0,-229.77693602693603,-216.90319865319864,138.72727272727272,-229.85634582458147,-217.1530777415253,140.99303060104256,0.07940979764543954,0.24987908832665084,-2.265757873769843,0.07940979764543954,0.24987908832665084,2.265757873769843,2.2808779487940796
125.0,-229.74294923448832,-216.5721192586624,141.638195004029,-229.84292351873654,-217.48573377808694,141.4274975148686,0.09997428424821919,0.9136145194245273,0.21069748916039543,0.09997428424821919,0.9136145194245273,0.21069748916039543,0.9429102712096993
126.0,-229.74294923448832,-215.5721192586624,144.638195004029,-229.71856804093292,-215.50441304545387,142.79383551105138,-0.02438119355539925,-0.0677062132085382,1.8443594929776168,0.02438119355539925,0.0677062132085382,1.8443594929776168,1.845762854009929
127.0,-229.7057471264368,-212.9486590038314,144.75172413793103,-229.66618018581627,-213.6326047655485,144.14172279443616,-0.039566940620517244,0.6839457617170979,0.6100013434948721,0.039566940620517244,0.6839457617170979,0.6100013434948721,0.9173052855109893
128.0,-229.7001533742332,-211.9463190184049,141.74769938650306,-229.66213631663646,-212.05924657946335,140.15126548065382,-0.038017057596732684,0.1129275610584557,1.5964339058492385,0.038017057596732684,0.1129275610584557,1.5964339058492385,1.600874494287413
129.0,-229.71507498026835,-212.75374901341752,135.698500394633,-229.7290461387559,-212.5604994387637,136.08640937012115,0.013971158487549928,-0.1932495746538052,-0.38790897548815906,0.013971158487549928,0.1932495746538052,0.38790897548815906,0.4336057709920776
130.0,-229.9192857142857,-214.47642857142856,128.60357142857143,-229.78913214632357,-214.04488792148993,131.728511444304,-0.1301535679621395,-0.4315406499386256,-3.1249400157325624,0.1301535679621395,0.4315406499386256,3.1249400157325624,3.1572800613390877
131.0,-229.92105263157896,-216.50640113798008,125.63726884779516,-229.7653866215628,-216.201435493119,128.7690901258198,-0.155666010016148,-0.3049656448610847,-3.1318212780246313,0.155666010016148,0.3049656448610847,3.1318212780246313,3.150482577115404
132.0,-229.95763888888888,-216.5368055555556,128.42499999999998,-229.7757503248714,-217.33202368328315,131.03897027600865,-0.1818885640174699,0.7952181277275656,-2.613970276008672,0.1818885640174699,0.7952181277275656,2.613970276008672,2.738301649607604
133.0,-229.7589576547232,-217.48941368078167,135.59609120521174,-229.8367739755471,-217.04576553094356,136.53540454575082,0.07781632082389933,-0.4436481498381113,-0.939313340539087,0.07781632082389933,0.4436481498381113,0.939313340539087,1.0417238656938057
134.0,-229.78849407783417,-218.23181049069373,141.5177664974619,-229.86933389393283,-217.7887785161851,142.22550534663262,0.08083981609865987,-0.4430319745086422,-0.7077388491707097,0.08083981609865987,0.4430319745086422,0.7077388491707097,0.8388722697344166
135.0,-229.5171455050973,-218.46987951807228,142.21779425393882,-229.84325868833082,-218.25196150792766,144.45199142006658,0.3261131832335309,-0.21791801014461498,-2.234197166127757,0.3261131832335309,0.21791801014461498,2.234197166127757,2.2683639576922823
136.0,-229.6577540106952,-218.42994652406412,142.98288770053475,-229.73595420145756,-216.88313442500788,143.63764644013813,0.07820019076237372,-1.5468120990562397,-0.6547587396033805,0.07820019076237372,1.5468120990562397,0.6547587396033805,1.6815028833484198
137.0,-229.74294923448832,-216.5721192586624,144.638195004029,-229.6973143721567,-216.53672538425408,144.28737601792014,-0.04563486233161029,-0.035393874408327974,0.3508189861088624,0.04563486233161029,0.035393874408327974,0.3508189861088624,0.35554075437298
138.0,-229.71679389312976,-213.975572519084,144.7442748091603,-229.61689377825832,-214.66676381309367,144.54248548416385,-0.09990011487144557,0.6911912940096556,0.2017893249964402,0.09990011487144557,0.6911912940096556,0.2017893249964402,0.7269417924074727
139.0,-229.6509584664537,-212.4065495207668,138.66613418530352,-229.63352317600294,-212.66770721534323,141.7602099025796,-0.017435290450748653,0.2611576945764398,-3.09407571727607,0.017435290450748653,0.2611576945764398,3.09407571727607,3.1051267083690814
140.0,-229.74294923448832,-213.5721192586624,132.638195004029,-229.78308260209968,-213.0718914356121,132.6243278056625,0.04013336761136088,-0.5002278230503237,0.013867198366511957,0.04013336761136088,0.5002278230503237,0.013867198366511957,0.5020267536098357
141.0,-229.6166219839142,-215.71045576407508,128.01675603217157,-229.8128950039312,-215.9795707806841,128.48517762574255,0.19627302001700286,0.26911501660902104,-0.4684215935709801,0.19627302001700286,0.26911501660902104,0.4684215935709801,0.5747736770892043
142.0,-229.89657488247147,-217.44190732034923,125.26863666890532,-229.77822245937762,-217.26008600866234,128.46251042865856,-0.11835242309385308,-0.18182131168688898,-3.193873759753245,0.11835242309385308,0.18182131168688898,3.193873759753245,3.201233493307862
143.0,-229.86090534979425,-218.2765432098765,129.34074074074073,-229.76853809084798,-218.5926193987999,128.92088463820733,-0.0923672589462683,0.31607618892340383,0.41985610253340155,0.0923672589462683,0.31607618892340383,0.41985610253340155,0.5335869325275202
144.0,-229.76358930112167,-219.10871440897324,135.5746333045729,-229.78664518906254,-218.7506083644851,136.26112293919616,0.023055887940870434,-0.358106044488153,-0.686489634623257,0.023055887940870434,0.358106044488153,0.686489634623257,0.7746221863030169
145.0,-229.71922246220305,-219.44816414686824,139.96976241900649,-229.81077443840027,-218.61139992715727,143.39409526187453,0.09155197619722344,-0.8367642197109717,-3.42433284286804,0.09155197619722344,0.8367642197109717,3.42433284286804,3.5262744564878727
146.0,-229.77531914893612,-218.19744680851065,141.5131914893617,-229.7924509826905,-218.6779455513883,143.74033638328032,0.017131833754376657,0.4804987428776428,-2.22714489391862,0.017131833754376657,0.4804987428776428,2.22714489391862,2.2784527469628517
147.0,-229.770887166236,-216.0706287683032,144.64341085271317,-229.6890661263185,-216.97088740437073,141.90707640771242,-0.08182103991751433,0.9002586360675195,2.7363344450007503,0.08182103991751433,0.9002586360675195,2.7363344450007503,2.8817852954869654
148.0,-229.6099754701553,-213.71463614063777,144.85609157808665,-229.68149483090102,-214.31919888591543,143.29474508505788,0.07151936074572518,0.6045627452776614,1.5613464930287648,0.07151936074572518,0.6045627452776614,1.5613464930287648,1.6758323314796033
149.0,-229.56349206349208,-212.97321428571428,143.11904761904762,-229.7046780928922,-212.71125801960508,140.20026217540504,0.14118602940013147,-0.26195626610919476,2.9187854436425766,0.14118602940013147,0.26195626610919476,2.9187854436425766,2.933915991686101
150.0,-229.69158878504672,-216.72118380062307,129.9532710280374,-229.71094116972506,-213.53800376418138,135.83401080784782,0.019352384678342105,-3.1831800364416836,-5.880739779810426,0.019352384678342105,3.1831800364416836,5.880739779810426,6.687010544110006
151.0,-229.59576023391813,-217.25730994152048,127.95394736842104,-229.84457952515547,-218.89069947068728,125.0748697034306,0.24881929123733926,1.6333895291668057,2.8790776649904473,0.24881929123733926,1.6333895291668057,2.8790776649904473,3.3194819768648327
152.0,-229.98617829993088,-217.5397373876987,131.4029025570145,-229.70177877842502,-216.5986264737943,131.5966637055266,-0.28439952150586123,-0.9411109139043958,-0.19376114851209536,0.28439952150586123,0.9411109139043958,0.19376114851209536,1.0020559978242016
153.0,-229.83839096683133,-219.0515172900494,137.20395201129148,-229.7319577220016,-217.46897618377662,137.83934028657174,-0.10643324482973071,-1.582541106272771,-0.6353882752802633,0.10643324482973071,1.582541106272771,0.6353882752802633,1.70864936397485
154.0,-229.79173693086005,-219.25463743676224,141.51602023608768,-229.77633234398536,-219.32606653168637,141.64953292369242,-0.015404586874694814,0.07142909492412741,-0.13351268760473545,0.015404586874694814,0.07142909492412741,0.13351268760473545,0.15220070515572423
155.0,-229.4783047426841,-218.5731584258325,142.79212916246215,-229.7664967908723,-218.46808047453007,146.12313110157294,0.28819204818822186,-0.1050779513024338,-3.3310019391107915,0.28819204818822186,0.1050779513024338,3.3310019391107915,3.3450964038198796
156.0,-229.79480737018423,-216.3324958123953,144.4497487437186,-229.73354277135394,-216.67621950686723,144.24430169456733,-0.06126459883029156,0.34372369447191886,0.20544704915127454,0.06126459883029156,0.34372369447191886,0.20544704915127454,0.4051022330427565
157.0,-229.72390317700453,-214.089258698941,144.6127080181543,-229.65476173319374,-214.87555419926954,142.79713427012933,-0.06914144381079268,0.7862955003285492,1.815573748024974,0.06914144381079268,0.7862955003285492,1.815573748024974,1.9797346255512673
158.0,-229.7415458937198,-213.5636070853462,141.63768115942028,-229.6722691943772,-213.5618876472558,140.04848350146733,-0.06927669934259484,-0.0017194380904186346,1.5891976579529512,0.06927669934259484,0.0017194380904186346,1.5891976579529512,1.5907078341362049
159.0,-229.56113681427627,-214.1017845340384,134.02842035690682,-229.69207707118434,-213.87059810561001,135.4308359576236,0.13094025690807598,-0.2311864284283729,-1.402415600716779,0.13094025690807598,0.2311864284283729,1.402415600716779,1.4273619137073905
160.0,-229.79723502304148,-215.50822909809085,128.16458196181696,-229.7820627530029,-215.163170456457,129.23906468205266,-0.01517227003859034,-0.34505864163384103,-1.074482720235693,0.01517227003859034,0.34505864163384103,1.074482720235693,1.128631374731985
161.0,-229.82362459546923,-217.1852750809061,126.71601941747574,-229.78284158610091,-217.0915169087197,127.57294056777096,-0.040783009368311696,-0.09375817218639781,-0.8569211502952214,0.040783009368311696,0.09375817218639781,0.8569211502952214,0.8629992505953614
162.0,-229.6303703703704,-218.84148148148148,130.37555555555554,-229.83070704438293,-218.0733991765155,131.16162008582904,0.20033667401253297,-0.7680823049659864,-0.7860645302735065,0.20033667401253297,0.7680823049659864,0.7860645302735065,1.1171314407491961
163.0,-229.77400662251657,-219.79470198675497,135.68791390728475,-229.8097239179792,-218.86688517530692,137.56361116462344,0.03571729546263214,-0.9278168114480536,-1.875697257338686,0.03571729546263214,0.9278168114480536,1.875697257338686,2.09293095012441
164.0,-229.76597582038,-220.04145077720207,141.68911917098447,-229.81231468937375,-219.76002162747554,141.28036273735216,0.04633886899375739,-0.28142914972653443,0.4087564336323055,0.04633886899375739,0.28142914972653443,0.4087564336323055,0.4984290111251773
165.0,-229.7716405605936,-218.76174773289364,141.68755152514427,-229.73618945993638,-218.9481364620784,145.48086925968025,-0.035451100657212464,0.18638872918475613,-3.793317734535975,0.035451100657212464,0.18638872918475613,3.793317734535975,3.798059632766455
166.0,-229.95774647887325,-216.12957746478872,143.72957746478875,-229.7171100819225,-216.42990137835972,144.03382534767704,-0.24063639695074812,0.30032391357099186,-0.30424788288829063,0.24063639695074812,0.30032391357099186,0.30424788288829063,0.49057833507202664
167.0,-229.85306828003456,-216.2713915298185,144.2048401037165,-229.72805569357718,-214.9998478383719,143.4097917868812,-0.12501258645738744,-1.2715436914465954,0.795048316835306,0.12501258645738744,1.2715436914465954,0.795048316835306,1.5048432915533276
168.0,-229.7172359015092,-213.6989674344718,144.68625893566323,-229.66284108771185,-215.82207765028613,141.67136935089587,-0.054394813797358665,2.123110215814336,3.01488958476736,0.054394813797358665,2.123110215814336,3.01488958476736,3.6878333737578153
169.0,-229.74294923448832,-212.5721192586624,141.638195004029,-229.62641863769252,-213.09280288375845,138.68726781045228,-0.11653059679579769,0.5206836250960407,2.9509271935767174,0.11653059679579769,0.5206836250960407,2.9509271935767174,2.9987767704888104
170.0,-229.70790916209867,-213.8034455755677,135.7353171495693,-229.66661408276275,-214.26482475720243,133.89723015178632,-0.041295079335924356,0.4613791816347259,1.8380869977829946,0.041295079335924356,0.4613791816347259,1.8380869977829946,1.8955579242645664
171.0,-229.6315789473684,-215.8450704225352,130.36767976278725,-229.7477872858894,-215.5510236184454,130.94786042626944,0.1162083385209769,-0.29404680408978834,-0.5801806634821958,0.1162083385209769,0.29404680408978834,0.5801806634821958,0.660740117758764
172.0,-229.57112676056337,-216.8830985915493,127.71338028169016,-229.75669905356278,-217.05072036972544,131.26851482790772,0.18557229299941014,0.16762177817614088,-3.555134546217559,0.18557229299941014,0.16762177817614088,3.555134546217559,3.563918598699684
173.0,-229.7810902896082,-217.19250425894376,129.5161839863714,-229.78196365313195,-217.22251317715848,131.63206569044445,0.0008733635237661019,0.03000891821471896,-2.115881704073047,0.0008733635237661019,0.03000891821471896,2.115881704073047,2.1160946773637805
174.0,-229.76283618581908,-218.4832925835371,135.59413202933985,-229.79142695908232,-218.04166228051454,134.62261828540616,0.02859077326323245,-0.44163030302254924,0.9715137439336843,0.02859077326323245,0.44163030302254924,0.9715137439336843,1.0675643828433123
175.0,-229.77043765483072,-219.3831544178365,138.55986787778696,-229.77129439538552,-218.94560667607624,140.62151084803412,0.0008567405548092211,-0.43754774176025535,-2.0616429702471635,0.0008567405548092211,0.43754774176025535,2.0616429702471635,2.1075626911419323
176.0,-229.48901623686723,-218.66380133715376,142.72779369627506,-229.7591810223338,-218.6018962968102,141.83837525770548,0.2701647854665623,-0.06190504034356081,0.889418438569578,0.2701647854665623,0.06190504034356081,0.889418438569578,0.9316042100557929
177.0,-229.74294923448832,-216.5721192586624,144.638195004029,-229.73945668893663,-216.75672734684758,144.83920993057438,-0.003492545551694093,0.18460808818517194,-0.20101492654538333,0.003492545551694093,0.18460808818517194,0.20101492654538333,0.27294568102804034
178.0,-229.7050304878049,-213.9801829268293,144.7454268292683,-229.6888534471424,-214.70842878875456,144.0441551254329,-0.016177040662483932,0.7282458619252736,0.7012717038354026,0.016177040662483932,0.7282458619252736,0.7012717038354026,1.0111309186530144
179.0,-229.7039674465921,-212.88199389623605,143.1851475076297,-229.6963133321871,-213.28319621001506,140.26973196732823,-0.007654114404999746,0.4012023137790095,2.915415540301467,0.007654114404999746,0.4012023137790095,2.915415540301467,2.942901570674808
180.0,-229.74294923448832,-214.5721192586624,138.638195004029,-229.67145534433038,-213.02478787489864,137.20104043170653,-0.07149389015793872,-1.547331383763776,1.43715457232247,0.07149389015793872,1.547331383763776,1.43715457232247,2.112997646060596
181.0,-229.93718411552348,-216.4765342960289,131.68808664259927,-229.72498260234866,-215.7374564131383,133.19118512358705,-0.2122015131748185,-0.739077882890598,-1.5030984809877737,0.2122015131748185,0.739077882890598,1.5030984809877737,1.6883633029414857
