frame,tumor_voxels,tumor_volume_mm3,tumor_volume_cm3,centroid_x_mm,centroid_y_mm,centroid_z_mm,bbox_x_mm,bbox_y_mm,bbox_z_mm
0,1307,3921.0,3.921,-229.6212700841622,-216.48431522570772,133.3955623565417,20.0,19.0,21.0
1,1517,4551.0,4.551,-229.63744232036916,-216.5609756097561,131.09624258404747,20.0,20.0,21.0
2,1223,3669.0,3.669,-229.76696647587897,-217.69991823385118,132.65985282093214,20.0,19.0,18.0
3,1181,3543.0,3.543,-229.78492802709567,-218.9432684165961,138.71634208298053,20.0,19.0,18.0
4,939,2817.0,2.817,-229.93716719914804,-219.258785942492,143.14696485623003,19.0,20.0,15.0
5,1219,3657.0,3.657,-229.76866283839212,-218.57178014766203,144.57095980311732,20.0,20.0,18.0
6,1179,3537.0,3.537,-229.7735368956743,-216.95165394402036,144.72264631043257,20.0,19.0,18.0
7,1241,3723.0,3.723,-229.74294923448832,-215.57211925866238,144.638195004029,20.0,20.0,18.0
8,1241,3723.0,3.723,-229.74294923448832,-215.57211925866238,144.638195004029,20.0,20.0,18.0
9,1238,3714.0,3.714,-229.74878836833602,-215.55815831987076,141.62277867528272,20.0,20.0,18.0
10,1241,3723.0,3.723,-229.74294923448832,-215.57211925866238,135.638195004029,20.0,20.0,18.0
11,1422,4266.0,4.266,-229.5731364275668,-215.8959212376934,130.71518987341773,20.0,20.0,21.0
12,1267,3801.0,3.801,-229.84214680347276,-216.55643251775848,129.44041041831096,20.0,20.0,21.0
13,1241,3723.0,3.723,-229.74294923448832,-218.57211925866238,132.638195004029,20.0,20.0,18.0
14,1157,3471.0,3.471,-229.7657735522904,-219.09853068280034,138.58599827139153,20.0,19.0,18.0
15,1213,3639.0,3.639,-229.76834295136027,-218.3891178895301,141.57378400659522,20.0,20.0,18.0
16,1114,3342.0,3.342,-229.62746858168762,-218.27827648114902,141.8806104129264,20.0,19.0,18.0
17,1241,3723.0,3.723,-229.74294923448832,-216.57211925866238,144.638195004029,20.0,20.0,18.0
18,1021,3063.0,3.063,-229.42605288932418,-214.74436826640547,145.82174338883448,20.0,20.0,15.0
19,1321,3963.0,3.963,-229.72142316426948,-214.08099924299773,141.6222558667676,20.0,21.0,18.0
20,1241,3723.0,3.723,-229.74294923448832,-214.57211925866238,135.638195004029,20.0,20.0,18.0
21,1275,3825.0,3.825,-229.85960784313727,-216.54509803921567,129.38117647058823,20.0,20.0,21.0
22,1493,4479.0,4.479,-229.7093101138647,-217.41192230408572,128.04353650368387,20.0,20.0,21.0
23,1289,3867.0,3.867,-229.88285492629944,-216.55081458494956,132.27928626842515,20.0,20.0,21.0
24,1192,3576.0,3.576,-229.7785234899329,-217.88422818791946,138.71979865771812,20.0,19.0,18.0
25,1116,3348.0,3.348,-229.89068100358423,-219.4247311827957,144.1747311827957,20.0,19.0,18.0
26,1158,3474.0,3.474,-229.7607944732297,-219.06563039723662,144.64507772020727,20.0,19.0,18.0
27,999,2997.0,2.997,-229.5015015015015,-216.7907907907908,145.91591591591592,20.0,20.0,15.0
28,958,2874.0,2.874,-229.68893528183716,-213.6722338204593,146.11377870563672,20.0,19.0,15.0
29,1036,3108.0,3.108,-229.97007722007723,-212.16023166023166,143.58590733590734,20.0,20.0,15.0
30,1271,3813.0,3.813,-229.70967741935485,-215.68922108575924,129.85916601101496,20.0,20.0,21.0
31,1257,3771.0,3.771,-229.81145584725536,-216.56006364359587,129.51551312649167,20.0,20.0,21.0
32,1234,3702.0,3.702,-229.7520259319287,-216.62398703403565,135.64424635332253,20.0,20.0,18.0
33,1173,3519.0,3.519,-229.77493606138108,-217.18670076726343,141.5166240409207,20.0,19.0,18.0
34,965,2895.0,2.895,-229.61658031088083,-217.65181347150258,143.03316062176165,20.0,19.0,15.0
35,1159,3477.0,3.477,-229.7713546160483,-217.0440034512511,144.68334771354617,20.0,19.0,18.0
36,1200,3600.0,3.6,-229.60916666666665,-215.61916666666667,144.865,20.0,20.0,18.0
37,982,2946.0,2.946,-229.56109979633402,-213.74338085539713,145.9979633401222,20.0,20.0,15.0
38,1153,3459.0,3.459,-229.51864700780573,-212.22116218560276,142.57675628794448,20.0,21.0,18.0
39,1241,3723.0,3.723,-229.74294923448832,-213.57211925866238,135.638195004029,20.0,20.0,18.0
40,1498,4494.0,4.494,-229.62349799732976,-215.65220293724965,131.05674232309747,20.0,20.0,21.0
41,1487,4461.0,4.461,-229.62542030934767,-215.72629455279085,131.00336247478145,20.0,20.0,21.0
42,1241,3723.0,3.723,-229.74294923448832,-215.57211925866238,135.638195004029,20.0,20.0,18.0
43,1241,3723.0,3.723,-229.74294923448832,-216.57211925866238,141.638195004029,20.0,20.0,18.0
44,968,2904.0,2.904,-229.6270661157025,-216.67871900826447,143.073347107438,20.0,19.0,15.0
45,1098,3294.0,3.294,-229.93169398907105,-216.16029143897995,143.89071038251365,20.0,20.0,15.0
46,1138,3414.0,3.414,-229.88312829525483,-216.23813708260104,144.097539543058,20.0,20.0,18.0
47,1241,3723.0,3.723,-229.74294923448832,-214.57211925866238,144.638195004029,20.0,20.0,18.0
48,1160,3480.0,3.48,-229.46206896551723,-212.34137931034482,145.3396551724138,20.0,21.0,18.0
49,1103,3309.0,3.309,-229.90752493200364,-211.08159564823208,143.86944696282865,20.0,21.0,15.0
50,1290,3870.0,3.87,-229.70542635658916,-212.24341085271317,138.57209302325583,20.0,21.0,18.0
51,1291,3873.0,3.873,-229.70952749806352,-213.8807126258714,132.75058094500386,20.0,21.0,18.0
52,1595,4785.0,4.785,-229.76614420062697,-214.882131661442,131.29467084639498,20.0,21.0,21.0
53,1246,3738.0,3.738,-229.7664526484751,-215.5634028892456,135.59951845906903,20.0,20.0,21.0
54,1233,3699.0,3.699,-229.7080291970803,-215.58880778588806,138.68126520681267,20.0,20.0,18.0
55,1241,3723.0,3.723,-229.74294923448832,-215.57211925866238,141.638195004029,20.0,20.0,18.0
56,983,2949.0,2.949,-229.9501525940997,-215.46083418107833,143.2675483214649,19.0,20.0,15.0
57,1241,3723.0,3.723,-229.74294923448832,-214.57211925866238,144.638195004029,20.0,20.0,18.0
58,1241,3723.0,3.723,-229.74294923448832,-212.57211925866238,144.638195004029,20.0,20.0,18.0
59,994,2982.0,2.982,-229.61167002012073,-211.9235412474849,143.15191146881287,20.0,20.0,15.0
60,1241,3723.0,3.723,-229.74294923448832,-214.57211925866238,132.638195004029,20.0,20.0,18.0
61,1340,4020.0,4.02,-229.6320895522388,-216.85,133.30298507462686,20.0,20.0,21.0
62,1240,3720.0,3.72,-229.74435483870968,-216.56612903225806,138.63387096774193,20.0,20.0,18.0
63,1241,3723.0,3.723,-229.74294923448832,-215.57211925866238,141.638195004029,20.0,20.0,18.0
64,1038,3114.0,3.114,-229.96628131021194,-216.14932562620425,143.59826589595377,20.0,20.0,15.0
65,1235,3705.0,3.705,-229.75222672064777,-215.54412955465588,144.60728744939271,20.0,20.0,18.0
66,1241,3723.0,3.723,-229.74294923448832,-214.57211925866238,144.638195004029,20.0,20.0,18.0
67,1175,3525.0,3.525,-229.5268085106383,-212.5182978723404,145.08510638297872,20.0,21.0,18.0
68,1038,3114.0,3.114,-229.4470134874759,-211.5134874759152,142.84393063583815,20.0,21.0,15.0
69,1318,3954.0,3.954,-229.72458270106222,-212.11684370257967,138.58270106221548,20.0,21.0,18.0
70,1241,3723.0,3.723,-229.74294923448832,-213.57211925866238,132.638195004029,20.0,20.0,18.0
71,1254,3762.0,3.762,-229.72727272727272,-214.66347687400318,132.67942583732057,20.0,21.0,18.0
72,1241,3723.0,3.723,-229.74294923448832,-215.57211925866238,138.638195004029,20.0,20.0,18.0
73,1241,3723.0,3.723,-229.74294923448832,-215.57211925866238,141.638195004029,20.0,20.0,18.0
74,978,2934.0,2.934,-229.57464212678937,-215.7034764826176,143.02147239263803,20.0,20.0,15.0
75,1209,3627.0,3.627,-229.80314309346568,-214.56741108354012,144.32754342431764,20.0,21.0,18.0
76,1224,3672.0,3.672,-229.76307189542484,-214.50081699346404,144.546568627451,20.0,20.0,18.0
77,1322,3966.0,3.966,-229.7231467473525,-213.09606656580937,144.6036308623298,20.0,21.0,18.0
78,1263,3789.0,3.789,-229.6634996041172,-211.3840063341251,144.66983372921615,20.0,22.0,18.0
79,1037,3111.0,3.111,-229.57569913211185,-211.1841851494696,143.10318225650917,20.0,20.0,15.0
80,1262,3786.0,3.786,-229.7242472266244,-211.49920760697304,138.63708399366087,20.0,22.0,18.0
81,1296,3888.0,3.888,-229.70524691358025,-212.90895061728395,132.74537037037038,20.0,21.0,18.0
82,1341,4023.0,4.023,-229.63907531692766,-214.84787472035794,130.31319910514543,20.0,20.0,21.0
83,1241,3723.0,3.723,-229.74294923448832,-215.57211925866238,135.638195004029,20.0,20.0,18.0
84,1241,3723.0,3.723,-229.74294923448832,-215.57211925866238,141.638195004029,20.0,20.0,18.0
85,1199,3597.0,3.597,-229.60800667222685,-215.62385321100916,141.87072560467055,20.0,20.0,18.0
86,983,2949.0,2.949,-229.95727365208546,-215.4445574771109,143.2767039674466,19.0,20.0,15.0
87,1241,3723.0,3.723,-229.74294923448832,-214.57211925866238,144.638195004029,20.0,20.0,18.0
88,1067,3201.0,3.201,-229.5257731958763,-212.71790065604497,145.65323336457357,20.0,21.0,18.0
89,1292,3876.0,3.876,-229.7120743034056,-211.88235294117646,144.75696594427245,20.0,21.0,18.0
90,1485,4455.0,4.455,-229.56969696969696,-214.4841750841751,133.55151515151516,20.0,21.0,21.0
91,1241,3723.0,3.723,-229.74294923448832,-215.57211925866238,132.638195004029,20.0,20.0,18.0
92,1241,3723.0,3.723,-229.74294923448832,-215.57211925866238,135.638195004029,20.0,20.0,18.0
93,1241,3723.0,3.723,-229.74294923448832,-215.57211925866238,141.638195004029,20.0,20.0,18.0
94,959,2877.0,2.877,-229.70177267987486,-216.68717413972888,143.1084462982273,20.0,20.0,15.0
95,1135,3405.0,3.405,-229.8740088105727,-216.2352422907489,144.07665198237885,20.0,20.0,18.0
96,1241,3723.0,3.723,-229.74294923448832,-215.57211925866238,144.638195004029,20.0,20.0,18.0
97,1178,3534.0,3.534,-229.4932088285229,-213.26230899830222,145.36757215619693,20.0,21.0,18.0
98,1304,3912.0,3.912,-229.7085889570552,-211.9478527607362,144.74539877300612,20.0,21.0,18.0
99,1316,3948.0,3.948,-229.71732522796353,-213.00683890577508,138.7226443768997,20.0,21.0,18.0
100,1490,4470.0,4.47,-229.89060402684564,-214.44228187919464,131.26510067114094,20.0,20.0,21.0
101,1526,4578.0,4.578,-229.76343381389253,-215.51769331585845,131.1467889908257,20.0,20.0,21.0
102,1241,3723.0,3.723,-229.74294923448832,-215.57211925866238,135.638195004029,20.0,20.0,18.0
103,1241,3723.0,3.723,-229.74294923448832,-216.57211925866238,141.638195004029,20.0,20.0,18.0
104,1241,3723.0,3.723,-229.74294923448832,-217.57211925866238,144.638195004029,20.0,20.0,18.0
105,1240,3720.0,3.72,-229.73790322580646,-217.5741935483871,144.64354838709676,20.0,20.0,18.0
106,1157,3471.0,3.471,-229.55488331892826,-217.68885047536733,145.09680207433018,20.0,20.0,18.0
107,1025,3075.0,3.075,-229.41756097560975,-215.73268292682926,145.8029268292683,20.0,20.0,15.0
108,1315,3945.0,3.945,-229.73079847908744,-212.1239543726236,144.58859315589353,20.0,21.0,18.0
109,1091,3273.0,3.273,-229.37121906507792,-211.19706691109073,139.87259395050413,20.0,21.0,15.0
110,1575,4725.0,4.725,-229.6063492063492,-211.97333333333333,134.22095238095238,20.0,21.0,21.0
111,1471,4413.0,4.413,-229.58123725356901,-214.06322229775662,127.8864717878994,20.0,21.0,21.0
112,1497,4491.0,4.491,-229.82297929191716,-215.7187708750835,123.00400801603206,20.0,20.0,24.0
113,1431,4293.0,4.293,-229.91544374563242,-216.51991614255766,125.44863731656184,20.0,20.0,21.0
114,1492,4476.0,4.476,-229.6058981233244,-216.7077747989276,134.01474530831098,20.0,20.0,21.0
115,1014,3042.0,3.042,-230.0,-216.96844181459565,140.53846153846155,20.0,19.0,15.0
116,1043,3129.0,3.129,-229.93767976989454,-216.80632790028764,143.82454458293384,20.0,19.0,15.0
117,1187,3561.0,3.561,-229.59393428812132,-215.63942712721146,144.9401853411963,20.0,20.0,18.0
118,1241,3723.0,3.723,-229.74294923448832,-212.57211925866238,144.638195004029,20.0,20.0,18.0
119,1322,3966.0,3.966,-229.72390317700453,-211.089258698941,138.6127080181543,20.0,21.0,18.0
120,1346,4038.0,4.038,-229.64858841010403,-213.84992570579496,127.34843982169392,20.0,20.0,21.0
121,1452,4356.0,4.356,-229.97658402203857,-215.49380165289256,125.38842975206612,20.0,20.0,21.0
122,1265,3795.0,3.795,-229.71620553359685,-216.66086956521738,129.82292490118576,20.0,20.0,21.0
123,1241,3723.0,3.723,-229.74294923448832,-216.57211925866238,135.638195004029,20.0,20.0,18.0
124,1188,3564.0,3.564,-229.77693602693603,-216.90319865319864,138.72727272727272,20.0,19.0,18.0
125,1241,3723.0,3.723,-229.74294923448832,-216.57211925866238,141.638195004029,20.0,20.0,18.0
126,1241,3723.0,3.723,-229.74294923448832,-215.57211925866238,144.638195004029,20.0,20.0,18.0
127,1305,3915.0,3.915,-229.7057471264368,-212.9486590038314,144.75172413793103,20.0,21.0,18.0
128,1304,3912.0,3.912,-229.70015337423314,-211.94631901840492,141.74769938650306,20.0,21.0,18.0
129,1267,3801.0,3.801,-229.71507498026835,-212.75374901341752,135.698500394633,20.0,21.0,18.0
130,1400,4200.0,4.2,-229.9192857142857,-214.47642857142858,128.60357142857143,20.0,20.0,21.0
131,1406,4218.0,4.218,-229.92105263157896,-216.50640113798008,125.63726884779516,20.0,20.0,24.0
132,1440,4320.0,4.32,-229.95763888888888,-216.53680555555556,128.42499999999998,20.0,20.0,21.0
133,1228,3684.0,3.684,-229.75895765472313,-217.48941368078175,135.59609120521174,20.0,20.0,18.0
134,1182,3546.0,3.546,-229.78849407783417,-218.23181049069373,141.51776649746193,20.0,19.0,18.0
135,1079,3237.0,3.237,-229.51714550509732,-218.46987951807228,142.21779425393882,20.0,19.0,18.0
136,935,2805.0,2.805,-229.6577540106952,-218.42994652406418,142.98288770053477,20.0,19.0,15.0
137,1241,3723.0,3.723,-229.74294923448832,-216.57211925866238,144.638195004029,20.0,20.0,18.0
138,1310,3930.0,3.93,-229.71679389312976,-213.97557251908398,144.7442748091603,20.0,21.0,18.0
139,1252,3756.0,3.756,-229.6509584664537,-212.40654952076676,138.66613418530352,20.0,21.0,18.0
140,1241,3723.0,3.723,-229.74294923448832,-213.57211925866238,132.638195004029,20.0,20.0,18.0
141,1492,4476.0,4.476,-229.6166219839142,-215.71045576407508,128.01675603217157,20.0,20.0,21.0
142,1489,4467.0,4.467,-229.89657488247147,-217.44190732034923,125.26863666890532,20.0,20.0,21.0
143,1215,3645.0,3.645,-229.86090534979425,-218.27654320987654,129.34074074074073,20.0,19.0,21.0
144,1159,3477.0,3.477,-229.76358930112167,-219.10871440897324,135.5746333045729,20.0,19.0,18.0
145,926,2778.0,2.778,-229.71922246220302,-219.44816414686824,139.96976241900649,20.0,19.0,15.0
146,1175,3525.0,3.525,-229.77531914893618,-218.19744680851065,141.5131914893617,20.0,19.0,18.0
147,1161,3483.0,3.483,-229.770887166236,-216.07062876830318,144.64341085271317,20.0,19.0,18.0
148,1223,3669.0,3.669,-229.60997547015535,-213.71463614063777,144.85609157808665,20.0,21.0,18.0
149,1008,3024.0,3.024,-229.56349206349208,-212.97321428571428,143.11904761904762,20.0,21.0,15.0
150,1284,3852.0,3.852,-229.69158878504672,-216.72118380062307,129.9532710280374,20.0,20.0,21.0
151,1368,4104.0,4.104,-229.59576023391813,-217.25730994152048,127.95394736842105,20.0,19.0,21.0
152,1447,4341.0,4.341,-229.98617829993088,-217.5397373876987,131.4029025570145,20.0,20.0,21.0
153,1417,4251.0,4.251,-229.83839096683133,-219.0515172900494,137.20395201129148,20.0,19.0,21.0
154,1186,3558.0,3.558,-229.79173693086003,-219.25463743676224,141.51602023608768,20.0,19.0,18.0
155,991,2973.0,2.973,-229.47830474268414,-218.5731584258325,142.79212916246217,20.0,20.0,15.0
156,1194,3582.0,3.582,-229.79480737018426,-216.3324958123953,144.4497487437186,20.0,20.0,18.0
157,1322,3966.0,3.966,-229.72390317700453,-214.089258698941,144.6127080181543,20.0,21.0,18.0
158,1242,3726.0,3.726,-229.7415458937198,-213.5636070853462,141.63768115942028,20.0,21.0,18.0
159,1513,4539.0,4.539,-229.56113681427627,-214.10178453403833,134.02842035690682,20.0,21.0,21.0
160,1519,4557.0,4.557,-229.79723502304148,-215.50822909809085,128.16458196181696,20.0,20.0,21.0
161,1236,3708.0,3.708,-229.82362459546925,-217.18527508090614,126.71601941747574,20.0,19.0,24.0
162,1350,4050.0,4.05,-229.63037037037037,-218.84148148148148,130.37555555555554,20.0,20.0,21.0
163,1208,3624.0,3.624,-229.77400662251657,-219.79470198675497,135.68791390728475,20.0,19.0,18.0
164,1158,3474.0,3.474,-229.76597582037996,-220.04145077720207,141.68911917098447,20.0,19.0,18.0
165,1213,3639.0,3.639,-229.77164056059357,-218.76174773289364,141.68755152514427,20.0,19.0,18.0
166,1065,3195.0,3.195,-229.95774647887325,-216.12957746478872,143.72957746478875,20.0,20.0,15.0
167,1157,3471.0,3.471,-229.85306828003456,-216.2713915298185,144.2048401037165,20.0,20.0,18.0
168,1259,3777.0,3.777,-229.71723590150913,-213.6989674344718,144.68625893566323,20.0,21.0,18.0
169,1241,3723.0,3.723,-229.74294923448832,-212.57211925866238,141.638195004029,20.0,20.0,18.0
170,1277,3831.0,3.831,-229.70790916209867,-213.80344557556774,135.7353171495693,20.0,21.0,18.0
171,1349,4047.0,4.047,-229.6315789473684,-215.8450704225352,130.36767976278725,20.0,20.0,21.0
172,1420,4260.0,4.26,-229.57112676056337,-216.8830985915493,127.71338028169015,20.0,20.0,21.0
173,1174,3522.0,3.522,-229.7810902896082,-217.19250425894379,129.5161839863714,20.0,19.0,18.0
174,1227,3681.0,3.681,-229.76283618581908,-218.4832925835371,135.59413202933985,20.0,20.0,18.0
175,1211,3633.0,3.633,-229.77043765483072,-219.3831544178365,138.55986787778696,20.0,20.0,18.0
176,1047,3141.0,3.141,-229.48901623686723,-218.66380133715379,142.72779369627506,20.0,20.0,15.0
177,1241,3723.0,3.723,-229.74294923448832,-216.57211925866238,144.638195004029,20.0,20.0,18.0
178,1312,3936.0,3.936,-229.7050304878049,-213.98018292682926,144.7454268292683,20.0,21.0,18.0
179,983,2949.0,2.949,-229.70396744659206,-212.88199389623603,143.1851475076297,20.0,21.0,15.0
180,1241,3723.0,3.723,-229.74294923448832,-214.57211925866238,138.638195004029,20.0,20.0,18.0
181,1385,4155.0,4.155,-229.93718411552348,-216.4765342960289,131.68808664259927,20.0,20.0,21.0
