frame,x_mm,y_mm,z_mm,x_voxel,y_voxel,z_voxel,tumor_voxels,dx_mm,dy_mm,dz_mm,displacement_3d_mm,motion_magnitude_mm
0,-229.6212700841622,-216.48431522570772,133.3955623565417,219.6212700841622,176.48431522570772,37.465187452180565,1307,0.0,0.0,0.0,0.0,0.0
1,-229.63744232036916,-216.5609756097561,131.09624258404747,219.63744232036916,176.5609756097561,36.69874752801582,1517,-0.016172236206955404,-0.07666038404838105,-2.299319772494215,2.300654205196693,2.300654205196693
2,-229.76696647587897,-217.69991823385118,132.65985282093214,219.76696647587897,177.69991823385118,37.21995094031071,1223,-0.1456963917167684,-1.2156030081434608,-0.7357095356095442,1.4283510187462773,1.4283510187462773
3,-229.78492802709567,-218.9432684165961,138.71634208298053,219.78492802709567,178.9432684165961,39.23878069432684,1181,-0.1636579429334688,-2.458953190888394,5.320779726438843,5.863781340956366,5.863781340956366
4,-229.93716719914804,-219.258785942492,143.14696485623003,219.93716719914804,179.258785942492,40.715654952076676,939,-0.3158971149858303,-2.7744707167842932,9.75140249968834,10.143339166984308,10.143339166984308
5,-229.76866283839212,-218.57178014766203,144.57095980311732,219.76866283839212,178.57178014766203,41.19031993437244,1219,-0.14739275422991227,-2.0874649219543073,11.17539744657563,11.369641265814778,11.369641265814778
6,-229.7735368956743,-216.95165394402036,144.72264631043257,219.7735368956743,176.95165394402036,41.240882103477524,1179,-0.15226681151210641,-0.4673387183126465,11.327083953890877,11.33774323037942,11.33774323037942
7,-229.74294923448832,-215.57211925866238,144.638195004029,219.74294923448832,175.57211925866238,41.21273166800967,1241,-0.12167915032611631,0.912195967045335,11.242632647487312,11.280234755724964,11.280234755724964
8,-229.74294923448832,-215.57211925866238,144.638195004029,219.74294923448832,175.57211925866238,41.21273166800967,1241,-0.12167915032611631,0.912195967045335,11.242632647487312,11.280234755724964,11.280234755724964
9,-229.74878836833602,-215.55815831987076,141.62277867528272,219.74878836833602,175.55815831987076,40.2075928917609,1238,-0.12751828417381716,0.9261569058369616,8.227216318741029,8.280164000935418,8.280164000935418
10,-229.74294923448832,-215.57211925866238,135.638195004029,219.74294923448832,175.57211925866238,38.21273166800967,1241,-0.12167915032611631,0.912195967045335,2.242632647487312,2.4241098344534247,2.4241098344534247
11,-229.5731364275668,-215.8959212376934,130.71518987341773,219.5731364275668,175.8959212376934,36.57172995780591,1422,0.04813365659541091,0.5883939880143316,-2.6803724831239606,2.7446167277630513,2.7446167277630513
12,-229.84214680347276,-216.55643251775848,129.44041041831096,219.84214680347276,176.55643251775848,36.14680347277032,1267,-0.22087671931055297,-0.07211729205076267,-3.9551519382307276,3.961971009918726,3.961971009918726
13,-229.74294923448832,-218.57211925866238,132.638195004029,219.74294923448832,178.57211925866238,37.21273166800967,1241,-0.12167915032611631,-2.087804032954665,-0.7573673525126878,2.2242609564297817,2.2242609564297817
14,-229.7657735522904,-219.09853068280034,138.58599827139153,219.7657735522904,179.09853068280034,39.19533275713051,1157,-0.14450346812819248,-2.6142154570926266,5.190435914849843,5.813400785647435,5.813400785647435
15,-229.76834295136027,-218.3891178895301,141.57378400659522,219.76834295136027,178.3891178895301,40.19126133553174,1213,-0.14707286719806234,-1.9048026638223803,8.17822165005353,8.39840538279589,8.39840538279589
16,-229.62746858168762,-218.27827648114902,141.8806104129264,219.62746858168762,178.27827648114902,40.2935368043088,1114,-0.006198497525417679,-1.7939612554413031,8.485048056384699,8.672622205916378,8.672622205916378
17,-229.74294923448832,-216.57211925866238,144.638195004029,219.74294923448832,176.57211925866238,41.21273166800967,1241,-0.12167915032611631,-0.08780403295466499,11.242632647487312,11.243633941487724,11.243633941487724
18,-229.42605288932418,-214.74436826640547,145.82174338883448,219.42605288932418,174.74436826640547,41.60724779627816,1021,0.19521719483802258,1.7399469593022445,12.426181032292789,12.548924265516094,12.548924265516094
19,-229.72142316426948,-214.08099924299773,141.6222558667676,219.72142316426948,174.08099924299773,40.207418622255865,1321,-0.10015308010727608,2.4033159827099837,8.226693510225914,8.571140207895178,8.571140207895178
20,-229.74294923448832,-214.57211925866238,135.638195004029,219.74294923448832,174.57211925866238,38.21273166800967,1241,-0.12167915032611631,1.912195967045335,2.242632647487312,2.9496949712782983,2.9496949712782983
21,-229.85960784313727,-216.54509803921567,129.38117647058823,219.85960784313727,176.54509803921567,36.12705882352941,1275,-0.2383377589750637,-0.06078281350795578,-4.014385885953459,4.021914156109443,4.021914156109443
22,-229.7093101138647,-217.41192230408572,128.04353650368387,219.7093101138647,177.41192230408572,35.68117883456129,1493,-0.08804002970248348,-0.9276070783780028,-5.352025852857821,5.432530411175392,5.432530411175392
23,-229.88285492629944,-216.55081458494956,132.27928626842515,219.88285492629944,176.55081458494956,37.09309542280838,1289,-0.2615848421372391,-0.06649935924184547,-1.1162760881165354,1.1484429020705798,1.1484429020705798
24,-229.7785234899329,-217.88422818791946,138.71979865771812,219.7785234899329,177.88422818791946,39.23993288590604,1192,-0.15725340577068891,-1.3999129622117437,5.324236301176427,5.507447423821654,5.507447423821654
25,-229.89068100358423,-219.4247311827957,144.1747311827957,219.89068100358423,179.4247311827957,41.058243727598565,1116,-0.2694109194220289,-2.9404159570879926,10.779168826254022,11.17627437159128,11.17627437159128
26,-229.7607944732297,-219.06563039723662,144.64507772020727,219.7607944732297,179.06563039723662,41.215025906735754,1158,-0.1395243890675033,-2.5813151715288996,11.24951536366558,11.542714194991483,11.542714194991483
27,-229.5015015015015,-216.7907907907908,145.91591591591592,219.5015015015015,176.7907907907908,41.63863863863864,999,0.11976858266069712,-0.30647556508307616,12.520353559374229,12.524676644014425,12.524676644014425
28,-229.68893528183716,-213.6722338204593,146.11377870563672,219.68893528183716,173.6722338204593,41.70459290187891,958,-0.06766519767495538,2.8120814052484207,12.71821634909503,13.025567454476155,13.025567454476155
29,-229.97007722007723,-212.16023166023166,143.58590733590734,219.97007722007723,172.16023166023166,40.86196911196911,1036,-0.348807135915024,4.324083565476059,10.190344979365648,11.075310194200796,11.075310194200796
30,-229.70967741935485,-215.68922108575924,129.85916601101496,219.70967741935485,175.68922108575924,36.28638867033832,1271,-0.08840733519264177,0.7950941399484748,-3.5363963455267253,3.6257536679911184,3.6257536679911184
31,-229.81145584725536,-216.56006364359587,129.51551312649167,219.81145584725536,176.56006364359587,36.17183770883055,1257,-0.1901857630931545,-0.07574841788814979,-3.8800492300500196,3.885445981468232,3.885445981468232
32,-229.7520259319287,-216.62398703403565,135.64424635332253,219.7520259319287,176.62398703403565,38.21474878444084,1234,-0.13075584776649407,-0.13967180832793247,2.2486839967808407,2.256808592491837,2.256808592491837
33,-229.77493606138108,-217.18670076726343,141.5166240409207,219.77493606138108,177.18670076726343,40.17220801364024,1173,-0.15366597721887842,-0.7023855415557136,8.121061684379015,8.152827826161305,8.152827826161305
34,-229.61658031088083,-217.65181347150258,143.03316062176165,219.61658031088083,177.65181347150258,40.677720207253884,965,0.004689773281370435,-1.1674982457948602,9.637598265219964,9.708057193366672,9.708057193366672
35,-229.7713546160483,-217.0440034512511,144.68334771354617,219.7713546160483,177.0440034512511,41.227782571182054,1159,-0.15008453188610815,-0.5596882255433684,11.28778535700448,11.3026490055353,11.3026490055353
36,-229.60916666666665,-215.61916666666667,144.865,219.60916666666665,175.61916666666667,41.288333333333334,1200,0.012103417495552549,0.8651485590410459,11.46943764345832,11.502027142165185,11.502027142165185
37,-229.56109979633402,-213.74338085539713,145.9979633401222,219.56109979633402,173.74338085539713,41.66598778004073,982,0.060170287828185565,2.7409343703105833,12.602400983580509,12.897164503751908,12.897164503751908
38,-229.51864700780573,-212.22116218560276,142.57675628794448,219.51864700780573,172.22116218560276,40.52558542931483,1153,0.10262307635647971,4.263153040104953,9.181193931402788,10.123207364525552,10.123207364525552
39,-229.74294923448832,-213.57211925866238,135.638195004029,219.74294923448832,173.57211925866238,38.21273166800967,1241,-0.12167915032611631,2.912195967045335,2.242632647487312,3.677647666331721,3.677647666331721
40,-229.62349799732976,-215.65220293724965,131.05674232309747,219.62349799732976,175.65220293724965,36.68558077436582,1498,-0.0022279131675588815,0.8321122884580632,-2.3388200334442217,2.4824373049565676,2.4824373049565676
41,-229.62542030934767,-215.72629455279085,131.00336247478145,219.62542030934767,175.72629455279085,36.66778749159381,1487,-0.0041502251854694805,0.7580206729168708,-2.3921998817602343,2.5094287874399055,2.5094287874399055
42,-229.74294923448832,-215.57211925866238,135.638195004029,219.74294923448832,175.57211925866238,38.21273166800967,1241,-0.12167915032611631,0.912195967045335,2.242632647487312,2.4241098344534247,2.4241098344534247
43,-229.74294923448832,-216.57211925866238,141.638195004029,219.74294923448832,176.57211925866238,40.21273166800967,1241,-0.12167915032611631,-0.08780403295466499,8.242632647487312,8.243998321521596,8.243998321521596
44,-229.6270661157025,-216.67871900826447,143.073347107438,219.6270661157025,176.67871900826447,40.69111570247934,968,-0.005796031540285185,-0.19440378255674773,9.677784750896308,9.679738845099855,9.679738845099855
45,-229.93169398907105,-216.16029143897995,143.89071038251365,219.93169398907105,176.16029143897995,40.96357012750455,1098,-0.31042390490884486,0.3240237867277642,10.495148025971957,10.504736384230084,10.504736384230084
46,-229.88312829525483,-216.23813708260104,144.097539543058,219.88312829525483,176.23813708260104,41.03251318101933,1138,-0.26185821109262974,0.2461781431066754,10.701977186516302,10.708010510901428,10.708010510901428
47,-229.74294923448832,-214.57211925866238,144.638195004029,219.74294923448832,174.57211925866238,41.21273166800967,1241,-0.12167915032611631,1.912195967045335,11.242632647487312,11.40473971988647,11.40473971988647
48,-229.46206896551723,-212.34137931034482,145.3396551724138,219.46206896551723,172.34137931034482,41.44655172413793,1160,0.15920111864497244,4.142935915362898,11.944092815872125,12.643204348152794,12.643204348152794
49,-229.90752493200364,-211.08159564823208,143.86944696282865,219.90752493200364,171.08159564823208,40.95648232094288,1103,-0.28625484784143396,5.4027195774756365,10.473884606286958,11.788705586983083,11.788705586983083
50,-229.70542635658916,-212.24341085271317,138.57209302325583,219.70542635658916,172.24341085271317,39.19069767441861,1290,-0.08415627242695223,4.2409043729945495,5.176530666714143,6.692445137803153,6.692445137803153
51,-229.70952749806352,-213.8807126258714,132.75058094500386,219.70952749806352,173.8807126258714,37.25019364833462,1291,-0.08825741390131725,2.6036025998363073,-0.6449814115378274,2.6837542529472134,2.6837542529472134
52,-229.76614420062697,-214.882131661442,131.29467084639498,219.76614420062697,174.882131661442,36.76489028213166,1595,-0.1448741164647629,1.6021835642657152,-2.1008915101467096,2.646077440407056,2.646077440407056
53,-229.7664526484751,-215.5634028892456,135.59951845906903,219.7664526484751,175.5634028892456,38.19983948635634,1246,-0.1451825643129041,0.9209123364621234,2.203956102527343,2.3930273734949443,2.3930273734949443
54,-229.7080291970803,-215.58880778588806,138.68126520681267,219.7080291970803,175.58880778588806,39.22708840227089,1233,-0.08675911291808802,0.895507439819653,5.2857028502709795,5.361726899032572,5.361726899032572
55,-229.74294923448832,-215.57211925866238,141.638195004029,219.74294923448832,175.57211925866238,40.21273166800967,1241,-0.12167915032611631,0.912195967045335,8.242632647487312,8.293847132624375,8.293847132624375
56,-229.9501525940997,-215.46083418107833,143.2675483214649,219.9501525940997,175.46083418107833,40.7558494404883,983,-0.32888250993750034,1.023481044629392,9.871985964923198,9.930346622636042,9.930346622636042
57,-229.74294923448832,-214.57211925866238,144.638195004029,219.74294923448832,174.57211925866238,41.21273166800967,1241,-0.12167915032611631,1.912195967045335,11.242632647487312,11.40473971988647,11.40473971988647
58,-229.74294923448832,-212.57211925866238,144.638195004029,219.74294923448832,172.57211925866238,41.21273166800967,1241,-0.12167915032611631,3.912195967045335,11.242632647487312,11.904489571020568,11.904489571020568
59,-229.61167002012073,-211.9235412474849,143.15191146881287,219.61167002012073,171.9235412474849,40.71730382293762,994,0.009600064041478618,4.560773978222812,9.756349112271181,10.769730704255265,10.769730704255265
60,-229.74294923448832,-214.57211925866238,132.638195004029,219.74294923448832,174.57211925866238,37.21273166800967,1241,-0.12167915032611631,1.912195967045335,-0.7573673525126878,2.060316611266484,2.060316611266484
61,-229.6320895522388,-216.85,133.30298507462686,219.6320895522388,176.85,37.43432835820896,1340,-0.01081946807659051,-0.3656847742922764,-0.09257728191482784,0.3773764276758566,0.3773764276758566
62,-229.74435483870968,-216.56612903225806,138.63387096774193,219.74435483870968,176.56612903225806,39.211290322580645,1240,-0.12308475454747736,-0.08181380655034332,5.238308611200239,5.240393159097783,5.240393159097783
63,-229.74294923448832,-215.57211925866238,141.638195004029,219.74294923448832,175.57211925866238,40.21273166800967,1241,-0.12167915032611631,0.912195967045335,8.242632647487312,8.293847132624375,8.293847132624375
64,-229.96628131021194,-216.14932562620425,143.59826589595377,219.96628131021194,176.14932562620425,40.86608863198459,1038,-0.3450112260497349,0.33498959950347285,10.202703539412084,10.214030070986071,10.214030070986071
65,-229.75222672064777,-215.54412955465588,144.60728744939271,219.75222672064777,175.54412955465588,41.202429149797574,1235,-0.1309566364855641,0.9401856710518359,11.211725092851026,11.251838885015914,11.251838885015914
66,-229.74294923448832,-214.57211925866238,144.638195004029,219.74294923448832,174.57211925866238,41.21273166800967,1241,-0.12167915032611631,1.912195967045335,11.242632647487312,11.40473971988647,11.40473971988647
67,-229.5268085106383,-212.5182978723404,145.08510638297872,219.5268085106383,172.5182978723404,41.361702127659576,1175,0.09446157352391538,3.966017353367306,11.689544026437034,12.344377512944625,12.344377512944625
68,-229.4470134874759,-211.5134874759152,142.84393063583815,219.4470134874759,171.5134874759152,40.614643545279385,1038,0.17425659668629123,4.970827749792505,9.44836827929646,10.67760071461803,10.67760071461803
69,-229.72458270106222,-212.11684370257967,138.58270106221548,219.72458270106222,172.11684370257967,39.19423368740516,1318,-0.1033126169000127,4.367471523128046,5.187138705673789,6.7817320025229755,6.7817320025229755
70,-229.74294923448832,-213.57211925866238,132.638195004029,219.74294923448832,173.57211925866238,37.21273166800967,1241,-0.12167915032611631,2.912195967045335,-0.7573673525126878,3.0115272658156824,3.0115272658156824
71,-229.72727272727272,-214.66347687400318,132.67942583732057,219.72727272727272,174.66347687400318,37.22647527910686,1254,-0.10600264311051433,1.8208383517045377,-0.7161365192211235,1.9594745156665498,1.9594745156665498
72,-229.74294923448832,-215.57211925866238,138.638195004029,219.74294923448832,175.57211925866238,39.21273166800967,1241,-0.12167915032611631,0.912195967045335,5.242632647487312,5.322791032383075,5.322791032383075
73,-229.74294923448832,-215.57211925866238,141.638195004029,219.74294923448832,175.57211925866238,40.21273166800967,1241,-0.12167915032611631,0.912195967045335,8.242632647487312,8.293847132624375,8.293847132624375
74,-229.57464212678937,-215.7034764826176,143.02147239263803,219.57464212678937,175.7034764826176,40.673824130879346,978,0.04662795737283432,0.7808387430901291,9.625910036096343,9.65764087819275,9.65764087819275
75,-229.80314309346568,-214.56741108354012,144.32754342431764,219.80314309346568,174.56741108354012,41.10918114143921,1209,-0.18187300930347305,1.9169041421675956,10.93198106777595,11.100261679257125,11.100261679257125
76,-229.76307189542484,-214.50081699346404,144.546568627451,219.76307189542484,174.50081699346404,41.18218954248366,1224,-0.14180181126263847,1.9834982322436758,11.151006270909306,11.326928703088486,11.326928703088486
77,-229.7231467473525,-213.09606656580937,144.6036308623298,219.7231467473525,173.09606656580937,41.20121028744327,1322,-0.10187666319029631,3.388248659898352,11.208068505788106,11.709458034693364,11.709458034693364
78,-229.6634996041172,-211.3840063341251,144.66983372921615,219.6634996041172,171.3840063341251,41.22327790973872,1263,-0.04222951995498647,5.100308891582614,11.274271372674463,12.37433348130796,12.37433348130796
79,-229.57569913211185,-211.1841851494696,143.10318225650917,219.57569913211185,171.1841851494696,40.701060752169724,1037,0.04557095205035466,5.300130076238105,9.707619899967483,11.060349888631878,11.060349888631878
80,-229.7242472266244,-211.49920760697304,138.63708399366087,219.7242472266244,171.49920760697304,39.212361331220286,1262,-0.10297714246220835,4.9851076187346735,5.2415216371191775,7.23432452511115,7.23432452511115
81,-229.70524691358025,-212.90895061728395,132.74537037037038,219.70524691358025,172.90895061728395,37.248456790123456,1296,-0.08397682941804874,3.5753646084237687,-0.6501919861713077,3.634973701408271,3.634973701408271
82,-229.63907531692766,-214.84787472035794,130.31319910514543,219.63907531692766,174.84787472035794,36.437733035048474,1341,-0.017805232765454093,1.636440505349782,-3.0823632513962593,3.489873603358924,3.489873603358924
83,-229.74294923448832,-215.57211925866238,135.638195004029,219.74294923448832,175.57211925866238,38.21273166800967,1241,-0.12167915032611631,0.912195967045335,2.242632647487312,2.4241098344534247,2.4241098344534247
84,-229.74294923448832,-215.57211925866238,141.638195004029,219.74294923448832,175.57211925866238,40.21273166800967,1241,-0.12167915032611631,0.912195967045335,8.242632647487312,8.293847132624375,8.293847132624375
85,-229.60800667222685,-215.62385321100916,141.87072560467055,219.60800667222685,175.62385321100916,40.29024186822352,1199,0.013263411935355407,0.8604620146985553,8.475163248128865,8.518741860114643,8.518741860114643
86,-229.95727365208546,-215.4445574771109,143.2767039674466,219.95727365208546,175.4445574771109,40.758901322482195,983,-0.3360035679232567,1.039757748596827,9.881141610904905,9.941375865954404,9.941375865954404
87,-229.74294923448832,-214.57211925866238,144.638195004029,219.74294923448832,174.57211925866238,41.21273166800967,1241,-0.12167915032611631,1.912195967045335,11.242632647487312,11.40473971988647,11.40473971988647
88,-229.5257731958763,-212.71790065604497,145.65323336457357,219.5257731958763,172.71790065604497,41.55107778819119,1067,0.09549688828590774,3.766414569662743,12.257671008031878,12.82363041058909,12.82363041058909
89,-229.7120743034056,-211.88235294117646,144.75696594427245,219.7120743034056,171.88235294117646,41.252321981424146,1292,-0.09080421924338111,4.601962284531254,11.361403587730763,12.258376473162421,12.258376473162421
90,-229.56969696969696,-214.4841750841751,133.55151515151516,219.56969696969696,174.4841750841751,37.51717171717172,1485,0.05157311446524204,2.0001401415326256,0.15595279497347292,2.0068735999473994,2.0068735999473994
91,-229.74294923448832,-215.57211925866238,132.638195004029,219.74294923448832,175.57211925866238,37.21273166800967,1241,-0.12167915032611631,0.912195967045335,-0.7573673525126878,1.19185259347368,1.19185259347368
92,-229.74294923448832,-215.57211925866238,135.638195004029,219.74294923448832,175.57211925866238,38.21273166800967,1241,-0.12167915032611631,0.912195967045335,2.242632647487312,2.4241098344534247,2.4241098344534247
93,-229.74294923448832,-215.57211925866238,141.638195004029,219.74294923448832,175.57211925866238,40.21273166800967,1241,-0.12167915032611631,0.912195967045335,8.242632647487312,8.293847132624375,8.293847132624375
94,-229.70177267987486,-216.68717413972888,143.1084462982273,219.70177267987486,176.68717413972888,40.70281543274244,959,-0.08050259571265883,-0.20285891402116363,9.712883941685618,9.715335654086722,9.715335654086722
95,-229.8740088105727,-216.2352422907489,144.07665198237885,219.8740088105727,176.2352422907489,41.02555066079295,1135,-0.25273872641048456,0.2490729349588321,10.68108962583716,10.686982258145786,10.686982258145786
96,-229.74294923448832,-215.57211925866238,144.638195004029,219.74294923448832,175.57211925866238,41.21273166800967,1241,-0.12167915032611631,0.912195967045335,11.242632647487312,11.280234755724964,11.280234755724964
97,-229.4932088285229,-213.26230899830222,145.36757215619693,219.4932088285229,173.26230899830222,41.45585738539898,1178,0.12806125563929527,3.222006227405501,11.97200979965524,12.398658897545204,12.398658897545204
98,-229.7085889570552,-211.9478527607362,144.74539877300612,219.7085889570552,171.9478527607362,41.24846625766871,1304,-0.08731887289300744,4.536462464971521,11.349836416464427,12.223170740939555,12.223170740939555
99,-229.71732522796353,-213.00683890577508,138.7226443768997,219.71732522796353,173.00683890577508,39.24088145896656,1316,-0.09605514380132263,3.4774763199326344,5.327082020358006,6.3623793503660595,6.3623793503660595
100,-229.89060402684564,-214.44228187919464,131.26510067114094,219.89060402684564,174.44228187919464,36.75503355704698,1490,-0.26933394268343136,2.0420333465130796,-2.1304616854007463,2.963327176319449,2.963327176319449
101,-229.76343381389253,-215.51769331585845,131.1467889908257,219.76343381389253,175.51769331585845,36.71559633027523,1526,-0.14216372973032776,0.9666219098492661,-2.2487733657159765,2.451846262106383,2.451846262106383
102,-229.74294923448832,-215.57211925866238,135.638195004029,219.74294923448832,175.57211925866238,38.21273166800967,1241,-0.12167915032611631,0.912195967045335,2.242632647487312,2.4241098344534247,2.4241098344534247
103,-229.74294923448832,-216.57211925866238,141.638195004029,219.74294923448832,176.57211925866238,40.21273166800967,1241,-0.12167915032611631,-0.08780403295466499,8.242632647487312,8.243998321521596,8.243998321521596
104,-229.74294923448832,-217.57211925866238,144.638195004029,219.74294923448832,177.57211925866238,41.21273166800967,1241,-0.12167915032611631,-1.087804032954665,11.242632647487312,11.295791795004195,11.295791795004195
105,-229.73790322580646,-217.5741935483871,144.64354838709676,219.73790322580646,177.5741935483871,41.214516129032255,1240,-0.11663314164425742,-1.0898783226793682,11.247986030555069,11.301266645449003,11.301266645449003
106,-229.55488331892826,-217.68885047536733,145.09680207433018,219.55488331892826,177.68885047536733,41.36560069144339,1157,0.06638676523394338,-1.2045352496596138,11.701239717788496,11.763261592918088,11.763261592918088
107,-229.41756097560975,-215.73268292682926,145.8029268292683,219.41756097560975,175.73268292682926,41.6009756097561,1025,0.20370910855245938,0.7516322988784623,12.407364472726613,12.431779505473186,12.431779505473186
108,-229.73079847908744,-212.1239543726236,144.58859315589353,219.73079847908744,172.1239543726236,41.196197718631176,1315,-0.1095283949252348,4.360360853084131,11.193030799351845,12.012854852766786,12.012854852766786
109,-229.37121906507792,-211.19706691109073,139.87259395050413,219.37121906507792,171.19706691109073,39.624197983501375,1091,0.25005101908428173,5.287248314616988,6.477031593962437,8.364774863781623,8.364774863781623
110,-229.6063492063492,-211.97333333333333,134.22095238095238,219.6063492063492,171.97333333333333,37.74031746031746,1575,0.014920877813011657,4.510981892374389,0.8253900244106944,4.585896745274693,4.585896745274693
111,-229.58123725356901,-214.06322229775662,127.8864717878994,219.58123725356901,174.06322229775662,35.6288239292998,1471,0.04003283059319074,2.4210929279510935,-5.509090568642293,6.01775477124181,6.01775477124181
112,-229.82297929191716,-215.7187708750835,123.00400801603206,219.82297929191716,175.7187708750835,34.00133600534402,1497,-0.20170920775495915,0.765544350624225,-10.391554340509629,10.421667158810546,10.421667158810546
113,-229.91544374563242,-216.51991614255766,125.44863731656184,219.91544374563242,176.51991614255766,34.816212438853945,1431,-0.29417366147021085,-0.03560091684994404,-7.9469250399798455,7.952447620666358,7.952447620666358
114,-229.6058981233244,-216.7077747989276,134.01474530831098,219.6058981233244,176.7077747989276,37.671581769437,1492,0.015371960837796905,-0.22345957321988408,0.6191829517692895,0.6584512174833772,0.6584512174833772
115,-230.0,-216.96844181459565,140.53846153846155,220.0,176.96844181459565,39.84615384615385,1014,-0.3787299158377948,-0.48412658888793203,7.142899181919859,7.1692972895737945,7.1692972895737945
116,-229.93767976989454,-216.80632790028764,143.82454458293384,219.93767976989454,176.80632790028764,40.94151486097795,1043,-0.31640968573233863,-0.32201267457992344,10.42898222639215,10.438748848890787,10.438748848890787
117,-229.59393428812132,-215.63942712721146,144.9401853411963,219.59393428812132,175.63942712721146,41.3133951137321,1187,0.027335796040887317,0.8448880984962557,11.544622984654609,11.575530355130226,11.575530355130226
118,-229.74294923448832,-212.57211925866238,144.638195004029,219.74294923448832,172.57211925866238,41.21273166800967,1241,-0.12167915032611631,3.912195967045335,11.242632647487312,11.904489571020568,11.904489571020568
119,-229.72390317700453,-211.089258698941,138.6127080181543,219.72390317700453,171.089258698941,39.20423600605144,1322,-0.10263309284232491,5.395056526766723,5.217145661612619,7.50571631046884,7.50571631046884
120,-229.64858841010403,-213.84992570579496,127.34843982169392,219.64858841010403,173.84992570579496,35.449479940564636,1346,-0.027318325941820376,2.6343895199127587,-6.047122534847773,6.596093191050456,6.596093191050456
121,-229.97658402203857,-215.49380165289256,125.38842975206612,219.97658402203857,175.49380165289256,34.79614325068871,1452,-0.35531393787636034,0.9905135728151606,-8.007132604475572,8.075985245035804,8.075985245035804
122,-229.71620553359685,-216.66086956521738,129.82292490118576,219.71620553359685,176.66086956521738,36.274308300395255,1265,-0.09493544943464371,-0.17655433950966426,-3.572637455355931,3.578256916680404,3.578256916680404
123,-229.74294923448832,-216.57211925866238,135.638195004029,219.74294923448832,176.57211925866238,38.21273166800967,1241,-0.12167915032611631,-0.08780403295466499,2.242632647487312,2.247646892953415,2.247646892953415
124,-229.77693602693603,-216.90319865319864,138.72727272727272,219.77693602693603,176.90319865319864,39.24242424242424,1188,-0.1556659427738225,-0.41888342749092544,5.331710370731031,5.350404721974501,5.350404721974501
125,-229.74294923448832,-216.57211925866238,141.638195004029,219.74294923448832,176.57211925866238,40.21273166800967,1241,-0.12167915032611631,-0.08780403295466499,8.242632647487312,8.243998321521596,8.243998321521596
126,-229.74294923448832,-215.57211925866238,144.638195004029,219.74294923448832,175.57211925866238,41.21273166800967,1241,-0.12167915032611631,0.912195967045335,11.242632647487312,11.280234755724964,11.280234755724964
127,-229.7057471264368,-212.9486590038314,144.75172413793103,219.7057471264368,172.9486590038314,41.250574712643676,1305,-0.0844770422745853,3.535656221876309,11.356161781389346,11.894133499126877,11.894133499126877
128,-229.70015337423314,-211.94631901840492,141.74769938650306,219.70015337423314,171.94631901840492,40.249233128834355,1304,-0.07888329007093375,4.537996207302797,8.35213702996137,9.505673312196192,9.505673312196192
129,-229.71507498026835,-212.75374901341752,135.698500394633,219.71507498026835,172.75374901341752,38.232833464877665,1267,-0.09380489610614973,3.7305662122901992,2.3029380380912983,4.385139362677374,4.385139362677374
130,-229.9192857142857,-214.47642857142858,128.60357142857143,219.9192857142857,174.47642857142858,35.86785714285714,1400,-0.2980156301235013,2.007886654279133,-4.791990927970261,5.2041905408986935,5.2041905408986935
131,-229.92105263157896,-216.50640113798008,125.63726884779516,219.92105263157896,176.50640113798008,34.87908961593172,1406,-0.29978254741675414,-0.022085912272359565,-7.758293508746533,7.764114600591311,7.764114600591311
132,-229.95763888888888,-216.53680555555556,128.42499999999998,219.95763888888888,176.53680555555556,35.80833333333333,1440,-0.33636880472667485,-0.05249032984784208,-4.970562356541706,4.982207276678703,4.982207276678703
133,-229.75895765472313,-217.48941368078175,135.59609120521174,219.75895765472313,177.48941368078175,38.19869706840391,1228,-0.13768757056092795,-1.0050984550740338,2.2005288486700465,2.4231194740062447,2.4231194740062447
134,-229.78849407783417,-218.23181049069373,141.51776649746193,219.78849407783417,178.23181049069373,40.17258883248731,1182,-0.16722399367196772,-1.7474952649860143,8.122204140920246,8.30974750952098,8.30974750952098
135,-229.51714550509732,-218.46987951807228,142.21779425393882,219.51714550509732,178.46987951807228,40.40593141797961,1079,0.10412457906488726,-1.9855642923645576,8.822231897397131,9.04351055390162,9.04351055390162
136,-229.6577540106952,-218.42994652406418,142.98288770053477,219.6577540106952,178.42994652406418,40.66096256684492,935,-0.036483926532980604,-1.94563129835646,9.587325343993086,9.782822674341576,9.782822674341576
137,-229.74294923448832,-216.57211925866238,144.638195004029,219.74294923448832,176.57211925866238,41.21273166800967,1241,-0.12167915032611631,-0.08780403295466499,11.242632647487312,11.243633941487724,11.243633941487724
138,-229.71679389312976,-213.97557251908398,144.7442748091603,219.71679389312976,173.97557251908398,41.24809160305343,1310,-0.09552380896755608,2.5087427066237353,11.3487124526186,11.623088621289005,11.623088621289005
139,-229.6509584664537,-212.40654952076676,138.66613418530352,219.6509584664537,172.40654952076676,39.222044728434504,1252,-0.029688382291482185,4.077765704940958,5.270571828761831,6.663931418207539,6.663931418207539
140,-229.74294923448832,-213.57211925866238,132.638195004029,219.74294923448832,173.57211925866238,37.21273166800967,1241,-0.12167915032611631,2.912195967045335,-0.7573673525126878,3.0115272658156824,3.0115272658156824
141,-229.6166219839142,-215.71045576407508,128.01675603217157,219.6166219839142,175.71045576407508,35.67225201072386,1492,0.004648100248004994,0.7738594616326395,-5.378806324370117,5.43419152646263,5.43419152646263
142,-229.89657488247147,-217.44190732034923,125.26863666890532,219.89657488247147,177.44190732034923,34.756212222968436,1489,-0.27530479830926424,-0.9575920946415124,-8.126925687636373,8.187777261507298,8.187777261507298
143,-229.86090534979425,-218.27654320987654,129.34074074074073,219.86090534979425,178.27654320987654,36.11358024691358,1215,-0.23963526563204596,-1.792227984168818,-4.054821615800961,4.439716718861585,4.439716718861585
144,-229.76358930112167,-219.10871440897324,135.5746333045729,219.76358930112167,179.10871440897324,38.19154443485763,1159,-0.14231921695946426,-2.624399183265524,2.1790709480312103,3.4140995927468696,3.4140995927468696
145,-229.71922246220302,-219.44816414686824,139.96976241900649,219.71922246220302,179.44816414686824,39.65658747300216,926,-0.0979523780408158,-2.963848921160519,6.574200062464797,7.212080251712425,7.212080251712425
146,-229.77531914893618,-218.19744680851065,141.5131914893617,219.77531914893618,178.19744680851065,40.171063829787236,1175,-0.15404906477397162,-1.71313158280293,8.117629132820014,8.297858378663907,8.297858378663907
147,-229.770887166236,-216.07062876830318,144.64341085271317,219.770887166236,176.07062876830318,41.21447028423773,1161,-0.14961708207380298,0.4136864574045376,11.247848496171486,11.256447821098597,11.256447821098597
148,-229.60997547015535,-213.71463614063777,144.85609157808665,219.60997547015535,173.71463614063777,41.28536385936222,1223,0.011294614006857273,2.769679085069953,11.46052922154496,11.790461392179077,11.790461392179077
149,-229.56349206349208,-212.97321428571428,143.11904761904762,219.56349206349208,172.97321428571428,40.70634920634921,1008,0.05777802067012772,3.5111009399934403,9.723485262505932,10.338149435980572,10.338149435980572
150,-229.69158878504672,-216.72118380062307,129.9532710280374,219.69158878504672,176.72118380062307,36.3177570093458,1284,-0.07031870088451342,-0.23686857491534852,-3.4422913285042966,3.4511477846902454,3.4511477846902454
151,-229.59576023391813,-217.25730994152048,127.95394736842105,219.59576023391813,177.25730994152048,35.651315789473685,1368,0.02550985024407737,-0.7729947158127572,-5.441614988120634,5.496302872119863,5.496302872119863
152,-229.98617829993088,-217.5397373876987,131.4029025570145,219.98617829993088,177.5397373876987,36.800967519004836,1447,-0.36490821576867916,-1.0554221619909754,-1.992659799527189,2.2842432056611055,2.2842432056611055
153,-229.83839096683133,-219.0515172900494,137.20395201129148,219.83839096683133,179.0515172900494,38.73465067043049,1417,-0.21712088266912133,-2.5672020643416715,3.8083896547497886,4.597988655842506,4.597988655842506
154,-229.79173693086003,-219.25463743676224,141.51602023608768,219.79173693086003,179.25463743676224,40.172006745362566,1186,-0.17046684669782053,-2.77032221105452,8.120457879545995,8.581700313595537,8.581700313595537
155,-229.47830474268414,-218.5731584258325,142.79212916246217,219.47830474268414,178.5731584258325,40.59737638748739,991,0.14296534147806028,-2.088843200124785,9.396566805920486,9.627002271823676,9.627002271823676
156,-229.79480737018426,-216.3324958123953,144.4497487437186,219.79480737018426,176.3324958123953,41.1499162479062,1194,-0.17353728602205365,0.15181941331240978,11.054186387176912,11.056590840143528,11.056590840143528
157,-229.72390317700453,-214.089258698941,144.6127080181543,219.72390317700453,174.089258698941,41.20423600605144,1322,-0.10263309284232491,2.395056526766723,11.21714566161262,11.47044838321454,11.47044838321454
158,-229.7415458937198,-213.5636070853462,141.63768115942028,219.7415458937198,173.5636070853462,40.21256038647343,1242,-0.12027580955759731,2.920708140361512,8.242118802878593,8.745142918918113,8.745142918918113
159,-229.56113681427627,-214.10178453403833,134.02842035690682,219.56113681427627,174.10178453403833,37.67614011896894,1513,0.060133269885938034,2.3825306916693876,0.6328580003651325,2.465882753806421,2.465882753806421
160,-229.79723502304148,-215.50822909809085,128.16458196181696,219.79723502304148,175.50822909809085,35.72152732060566,1519,-0.17596493887927522,0.9760861276168669,-5.230980394724725,5.324177277123228,5.324177277123228
161,-229.82362459546925,-217.18527508090614,126.71601941747574,219.82362459546925,177.18527508090614,35.23867313915858,1236,-0.20235451130704973,-0.7009598551984197,-6.6795429390659535,6.719269747649066,6.719269747649066
162,-229.63037037037037,-218.84148148148148,130.37555555555554,219.63037037037037,178.84148148148148,36.45851851851852,1350,-0.009100286208166608,-2.3571662557737625,-3.0200068009861525,3.8310255350976434,3.8310255350976434
163,-229.77400662251657,-219.79470198675497,135.68791390728475,219.77400662251657,179.79470198675497,38.229304635761586,1208,-0.15273653835436107,-3.310386761047255,2.2923515507430636,4.0294992976869395,4.0294992976869395
164,-229.76597582037996,-220.04145077720207,141.68911917098447,219.76597582037996,180.04145077720207,40.229706390328154,1158,-0.14470573621775884,-3.557135551494355,8.29355681444278,9.025366348032065,9.025366348032065
165,-229.77164056059357,-218.76174773289364,141.68755152514427,219.77164056059357,178.76174773289364,40.22918384171476,1213,-0.15037047643136248,-2.277432507185921,8.291989168602584,8.60037176389439,8.60037176389439
166,-229.95774647887325,-216.12957746478872,143.72957746478875,219.95774647887325,176.12957746478872,40.90985915492958,1065,-0.33647639471104185,0.35473776091899367,10.334015108247058,10.345575068631904,10.345575068631904
167,-229.85306828003456,-216.2713915298185,144.2048401037165,219.85306828003456,176.2713915298185,41.06828003457217,1157,-0.23179819587235784,0.21292369588923066,10.809277747174804,10.813859270373792,10.813859270373792
168,-229.71723590150913,-213.6989674344718,144.68625893566323,219.71723590150913,173.6989674344718,41.22875297855441,1259,-0.09596581734692222,2.785347791235921,11.290696579121544,11.6295830104965,11.6295830104965
169,-229.74294923448832,-212.57211925866238,141.638195004029,219.74294923448832,172.57211925866238,40.21273166800967,1241,-0.12167915032611631,3.912195967045335,8.242632647487312,9.124750739697692,9.124750739697692
170,-229.70790916209867,-213.80344557556774,135.7353171495693,219.70790916209867,173.80344557556774,38.2451057165231,1277,-0.08663907793646786,2.6808696501399822,2.3397547930276232,3.5593568102064577,3.5593568102064577
171,-229.6315789473684,-215.8450704225352,130.36767976278725,219.6315789473684,175.8450704225352,36.45589325426241,1349,-0.010308863206205388,0.6392448031725166,-3.027882593754441,3.094642659921303,3.094642659921303
172,-229.57112676056337,-216.8830985915493,127.71338028169015,219.57112676056337,176.8830985915493,35.57112676056338,1420,0.05014332359883156,-0.3987833658415809,-5.682182074851539,5.696379170801187,5.696379170801187
173,-229.7810902896082,-217.19250425894379,129.5161839863714,219.7810902896082,177.19250425894379,36.17206132879046,1174,-0.15982020544598186,-0.7081890332360672,-3.8793783701702864,3.9467265858949108,3.9467265858949108
174,-229.76283618581908,-218.4832925835371,135.59413202933985,219.76283618581908,178.4832925835371,38.19804400977995,1227,-0.14156610165687766,-1.998977357829375,2.1985696727981576,2.9748378181676784,2.9748378181676784
175,-229.77043765483072,-219.3831544178365,138.55986787778696,219.77043765483072,179.3831544178365,39.18662262592898,1211,-0.14916757066851005,-2.8988391921287757,5.164305521245268,5.924151512472087,5.924151512472087
176,-229.48901623686723,-218.66380133715379,142.72779369627506,219.48901623686723,178.66380133715379,40.57593123209169,1047,0.1322538472949759,-2.1794861114460673,9.332231339733369,9.58426797248555,9.58426797248555
177,-229.74294923448832,-216.57211925866238,144.638195004029,219.74294923448832,176.57211925866238,41.21273166800967,1241,-0.12167915032611631,-0.08780403295466499,11.242632647487312,11.243633941487724,11.243633941487724
178,-229.7050304878049,-213.98018292682926,144.7454268292683,219.7050304878049,173.98018292682926,41.2484756097561,1312,-0.08376040364268533,2.50413229887846,11.349864472726608,11.623128577313697,11.623128577313697
179,-229.70396744659206,-212.88199389623603,143.1851475076297,219.70396744659206,172.88199389623603,40.728382502543234,983,-0.08269736242985459,3.6023213294716925,9.789585151088005,10.431660234350154,10.431660234350154
180,-229.74294923448832,-214.57211925866238,138.638195004029,219.74294923448832,174.57211925866238,39.21273166800967,1241,-0.12167915032611631,1.912195967045335,5.242632647487312,5.5818004540209385,5.5818004540209385
181,-229.93718411552348,-216.4765342960289,131.68808664259927,219.93718411552348,176.4765342960289,36.896028880866425,1385,-0.31591403136127383,0.007780929678830262,-1.707475713942415,1.7364721511676364,1.7364721511676364
