frame,actual_x_mm,actual_y_mm,actual_z_mm,predicted_x_mm,predicted_y_mm,predicted_z_mm,error_x_mm,error_y_mm,error_z_mm,error_3d_mm,uncertainty_bound_mm,safety_status,safety_threshold_mm,threshold_exceeded
139,-229.6509584664537,-212.4065495207668,138.66613418530352,-229.6185291487036,-212.74921312456445,141.05528031910634,0.0324293177501147,0.3426636037976607,2.389146133802825,2.413812182975785,3.4304319816256146,SAFE / CONTINUE,3.4304319816256146,False
140,-229.74294923448832,-213.5721192586624,132.638195004029,-229.77459987494476,-212.9035181507365,133.31444921127112,0.0316506404564052,0.6686011079258947,0.676254207242124,0.9514982697691616,3.4304319816256146,SAFE / CONTINUE,3.4304319816256146,False
141,-229.6166219839142,-215.71045576407508,128.01675603217157,-229.82724427626195,-215.7851576413715,128.56436124075367,0.2106222923477503,0.0747018772964338,0.5476052085820982,0.591450407871764,3.4304319816256146,SAFE / CONTINUE,3.4304319816256146,False
142,-229.89657488247147,-217.44190732034923,125.26863666890532,-229.79885628147343,-217.2709491827141,128.69341227772338,0.0977186009980357,0.1709581376351252,3.4247756088180665,3.4304319816256146,3.4304319816256146,SAFE / CONTINUE,3.4304319816256146,False
143,-229.86090534979425,-218.2765432098765,129.34074074074073,-229.7595446974589,-218.74707710120595,129.11780625085308,0.1013606523353587,0.4705338913294383,0.222934489887649,0.5304487831194822,3.4304319816256146,SAFE / CONTINUE,3.4304319816256146,False
144,-229.76358930112167,-219.10871440897324,135.5746333045729,-229.7780459084248,-218.61206088295043,136.90394452060715,0.0144566073031455,0.4966535260228113,1.329311216034256,1.4191342528034765,3.4304319816256146,SAFE / CONTINUE,3.4304319816256146,False
145,-229.71922246220305,-219.44816414686824,139.96976241900649,-229.8067961256585,-218.603994715284,143.0868245562101,0.0875736634554869,0.8441694315842767,3.117062137203618,3.2305367267593046,3.4304319816256146,SAFE / CONTINUE,3.4304319816256146,False
146,-229.7753191489361,-218.19744680851065,141.5131914893617,-229.7890482997461,-218.80273399642203,143.50969311039717,0.0137291508099792,0.6052871879113866,1.9965016210354636,2.086283727643216,3.4304319816256146,SAFE / CONTINUE,3.4304319816256146,False
147,-229.770887166236,-216.0706287683032,144.64341085271317,-229.6982662603308,-216.7819297862285,142.35769485440002,0.0726209059052109,0.7113010179252512,2.285715998313151,2.3949364415409184,3.4304319816256146,SAFE / CONTINUE,3.4304319816256146,False
148,-229.6099754701553,-213.71463614063777,144.85609157808665,-229.6674707346255,-214.40436931612493,143.91038086212896,0.0574952644702193,0.689733175487163,0.945710715957688,1.1719241942554597,3.4304319816256146,SAFE / CONTINUE,3.4304319816256146,False
149,-229.56349206349208,-212.97321428571428,143.11904761904762,-229.70432954739425,-212.854039128954,140.8420546413935,0.1408374839021746,0.1191751567603205,2.2769929776541176,2.2844550630614093,3.4304319816256146,SAFE / CONTINUE,3.4304319816256146,False
150,-229.69158878504672,-216.72118380062307,129.9532710280374,-229.73014535448343,-213.70294089140583,136.24912570383972,0.0385565694367073,3.018242909217236,6.295854675802332,6.982052919228623,3.4304319816256146,FLAG / REVIEW,3.4304319816256146,True
151,-229.59576023391813,-217.25730994152048,127.95394736842104,-229.84568769762456,-218.91011122792256,126.11378902741149,0.2499274637064275,1.652801286402109,1.8401583410095557,2.4860407376859763,3.4304319816256146,SAFE / CONTINUE,3.4304319816256146,False
152,-229.98617829993088,-217.5397373876987,131.4029025570145,-229.67341271045407,-216.5548599259933,131.95038785806156,0.3127655894768111,0.9848774617053948,0.5474853010470611,1.169421260025073,3.4304319816256146,SAFE / CONTINUE,3.4304319816256146,False
153,-229.83839096683133,-219.0515172900494,137.20395201129148,-229.75887465301653,-217.71816711696823,137.4496062356078,0.0795163138147927,1.3333501730811292,0.2456542243163255,1.3581205860094403,3.4304319816256146,SAFE / CONTINUE,3.4304319816256146,False
154,-229.79173693086005,-219.25463743676224,141.51602023608768,-229.802200759068,-219.559385146222,142.9598639373937,0.0104638282079463,0.3047477094597184,1.443843701306008,1.4756914623059738,3.4304319816256146,SAFE / CONTINUE,3.4304319816256146,False
155,-229.4783047426841,-218.5731584258325,142.79212916246215,-229.76478774548409,-217.90898249559865,145.52724256015958,0.2864830027999971,0.6641759302338528,2.7351133976974324,2.829142533606128,3.4304319816256146,SAFE / CONTINUE,3.4304319816256146,False
156,-229.79480737018423,-216.3324958123953,144.4497487437186,-229.7443498007257,-216.64187214614145,145.10456191431737,0.0504575694585298,0.3093763337461439,0.6548131705987714,0.7259751859309542,3.4304319816256146,SAFE / CONTINUE,3.4304319816256146,False
157,-229.72390317700453,-214.089258698941,144.6127080181543,-229.63851826842264,-214.85486673840828,142.94286500794794,0.0853849085819149,0.7656080394672813,1.669843010206364,1.8389730643610651,3.4304319816256146,SAFE / CONTINUE,3.4304319816256146,False
158,-229.7415458937198,-213.5636070853462,141.63768115942028,-229.65080623531907,-213.5924391363464,139.72262302299643,0.0907396584007358,0.0288320510001938,1.915058136423852,1.9174234374948995,3.4304319816256146,SAFE / CONTINUE,3.4304319816256146,False
159,-229.56113681427627,-214.1017845340384,134.02842035690682,-229.7187640511343,-213.6711545201289,136.19515952254284,0.1576272368580191,0.4306300139094503,2.1667391656360167,2.2147341074224256,3.4304319816256146,SAFE / CONTINUE,3.4304319816256146,False
160,-229.79723502304148,-215.50822909809085,128.16458196181696,-229.82267067890595,-215.04237337682665,130.27925382069998,0.0254356558644701,0.4658557212642336,2.114671858883014,2.1655266325713054,3.4304319816256146,SAFE / CONTINUE,3.4304319816256146,False
161,-229.82362459546923,-217.1852750809061,126.71601941747574,-229.79039773746948,-217.0519910124624,128.04626235569955,0.0332268579997503,0.1332840684437428,1.3302429382238188,1.3373163207288656,3.4304319816256146,SAFE / CONTINUE,3.4304319816256146,False
162,-229.6303703703704,-218.84148148148148,130.37555555555554,-229.7913393554902,-218.1769905922083,131.13519658124534,0.1609689851198084,0.6644908892731678,0.7596410256898025,1.022014502836727,3.4304319816256146,SAFE / CONTINUE,3.4304319816256146,False
163,-229.77400662251657,-219.79470198675497,135.68791390728475,-229.81631277368857,-218.8369786793754,137.76552192330996,0.0423061511719993,0.957723307379581,2.0776080160252093,2.28811687030564,3.4304319816256146,SAFE / CONTINUE,3.4304319816256146,False
164,-229.76597582038,-220.04145077720207,141.68911917098447,-229.82579640677596,-219.7594936670044,141.74437334990102,0.0598205863959435,0.2819571101976521,0.0552541789165559,0.293481411396886,3.4304319816256146,SAFE / CONTINUE,3.4304319816256146,False
165,-229.7716405605936,-218.76174773289364,141.68755152514427,-229.73097406856897,-218.93795746114037,145.78080528006714,0.0406664920246271,0.1762097282467039,4.09325375492287,4.097246628419204,3.4304319816256146,FLAG / REVIEW,3.4304319816256146,True
166,-229.95774647887325,-216.12957746478872,143.72957746478875,-229.71325811530224,-216.47377262532248,144.06749040327952,0.2444883635710084,0.3441951605337578,0.3379129384907742,0.5407679931874285,3.4304319816256146,SAFE / CONTINUE,3.4304319816256146,False
167,-229.85306828003456,-216.2713915298185,144.2048401037165,-229.71965587422343,-214.96764876291044,143.55014835871228,0.1334124058111285,1.3037427669080444,0.6546917450042145,1.4649796426114663,3.4304319816256146,SAFE / CONTINUE,3.4304319816256146,False
168,-229.7172359015092,-213.6989674344718,144.68625893566323,-229.7278060571112,-215.65282526586287,142.59470622047647,0.0105701556019823,1.953857831391076,2.091552715186765,2.8622132893763905,3.4304319816256146,SAFE / CONTINUE,3.4304319816256146,False
169,-229.74294923448832,-212.5721192586624,141.638195004029,-229.61861611099656,-212.9035225324397,139.71954834724613,0.1243331234917377,0.3314032737772834,1.9186466567828688,1.95102328254985,3.4304319816256146,SAFE / CONTINUE,3.4304319816256146,False
170,-229.70790916209867,-213.8034455755677,135.7353171495693,-229.6932353822141,-213.84261037125012,134.72648952510156,0.0146737798845322,0.0391647956824385,1.008827624467756,1.0096941997091011,3.4304319816256146,SAFE / CONTINUE,3.4304319816256146,False
171,-229.6315789473684,-215.8450704225352,130.36767976278725,-229.75157180063093,-215.62431906101665,131.96027627202477,0.1199928532625165,0.2207513615185803,1.5925965092375236,1.612294355780585,3.4304319816256146,SAFE / CONTINUE,3.4304319816256146,False
172,-229.57112676056337,-216.8830985915493,127.71338028169016,-229.75569290245997,-216.9962536589538,130.6175169132411,0.1845661418965676,0.1131550674045058,2.9041366315509407,2.912194757348819,3.4304319816256146,SAFE / CONTINUE,3.4304319816256146,False
173,-229.7810902896082,-217.19250425894376,129.5161839863714,-229.746928407441,-217.18641407913103,132.00144113343347,0.0341618821671829,0.0060901798127304,2.485257147062072,2.485499388756003,3.4304319816256146,SAFE / CONTINUE,3.4304319816256146,False
174,-229.76283618581908,-218.4832925835371,135.59413202933985,-229.7629691303989,-217.9560829843712,134.60817697822762,0.0001329445798035,0.5272095991659,0.985955051112228,1.1180596325512544,3.4304319816256146,SAFE / CONTINUE,3.4304319816256146,False
175,-229.77043765483072,-219.3831544178365,138.55986787778696,-229.7880331698874,-218.8380186073341,140.81235200193376,0.0175955150566835,0.5451358105023587,2.252484124146804,2.3175779131618355,3.4304319816256146,SAFE / CONTINUE,3.4304319816256146,False
176,-229.48901623686723,-218.66380133715376,142.72779369627506,-229.77854765728887,-218.62912560538163,142.42470946309516,0.289531420421639,0.0346757317721255,0.3030842331799022,0.4205840013452171,3.4304319816256146,SAFE / CONTINUE,3.4304319816256146,False
177,-229.74294923448832,-216.5721192586624,144.638195004029,-229.7338977284328,-216.5988377198904,146.05658680214492,0.009051506055556,0.0267184612280004,1.4183917981159198,1.418672301447652,3.4304319816256146,SAFE / CONTINUE,3.4304319816256146,False
178,-229.7050304878049,-213.9801829268293,144.7454268292683,-229.6699203641984,-214.74551947198665,144.38086165519783,0.0351101236065005,0.7653365451573677,0.3645651740704636,0.8484577268656976,3.4304319816256146,SAFE / CONTINUE,3.4304319816256146,False
179,-229.7039674465921,-212.88199389623605,143.1851475076297,-229.6518160903912,-213.3754280544636,139.9997640812488,0.052151356200909,0.4934341582275579,3.185383426380895,3.2237966135476697,3.4304319816256146,SAFE / CONTINUE,3.4304319816256146,False
